NUTS II;CONCELHO;;;;;;;
CENTRO;Águeda;;;;;;;
CENTRO;Águeda;;;;;;;
CENTRO;Águeda;;;;;;;
CENTRO;Águeda;;;;;;;
CENTRO;Águeda;;;;;;;
CENTRO;Águeda;;;;;;;
CENTRO;Águeda;;;;;;;
CENTRO;Águeda;;;;;;;
CENTRO;Águeda;;;;;;;
CENTRO;Águeda;;;;;;;
CENTRO;Águeda;;;;;;;
CENTRO;Albergaria-a-Velha;;;;;;;
CENTRO;Albergaria-a-Velha;;;;;;;
CENTRO;Albergaria-a-Velha;;;;;;;
CENTRO;Albergaria-a-Velha;;;;;;;
CENTRO;Albergaria-a-Velha;;;;;;;
CENTRO;Albergaria-a-Velha;;;;;;;
CENTRO;Anadia;;;;;;;
CENTRO;Anadia;;;;;;;
CENTRO;Anadia;;;;;;;
CENTRO;Anadia;;;;;;;
CENTRO;Anadia;;;;;;;
CENTRO;Anadia;;;;;;;
CENTRO;Anadia;;;;;;;
CENTRO;Anadia;;;;;;;
CENTRO;Anadia;;;;;;;
CENTRO;Anadia;;;;;;;
NORTE;Arouca;;;;;;;
NORTE;Arouca;;;;;;;
NORTE;Arouca;;;;;;;
NORTE;Arouca;;;;;;;
NORTE;Arouca;;;;;;;
NORTE;Arouca;;;;;;;
NORTE;Arouca;;;;;;;
NORTE;Arouca;;;;;;;
NORTE;Arouca;;;;;;;
NORTE;Arouca;;;;;;;
NORTE;Arouca;;;;;;;
NORTE;Arouca;;;;;;;
NORTE;Arouca;;;;;;;
NORTE;Arouca;;;;;;;
NORTE;Arouca;;;;;;;
NORTE;Arouca;;;;;;;
CENTRO;Aveiro;;;;;;;
CENTRO;Aveiro;;;;;;;
CENTRO;Aveiro;;;;;;;
CENTRO;Aveiro;;;;;;;
CENTRO;Aveiro;;;;;;;
CENTRO;Aveiro;;;;;;;
CENTRO;Aveiro;;;;;;;
CENTRO;Aveiro;;;;;;;
CENTRO;Aveiro;;;;;;;
CENTRO;Aveiro;;;;;;;
NORTE;Castelo de Paiva;;;;;;;
NORTE;Castelo de Paiva;;;;;;;
NORTE;Castelo de Paiva;;;;;;;
NORTE;Castelo de Paiva;;;;;;;
NORTE;Castelo de Paiva;;;;;;;
NORTE;Castelo de Paiva;;;;;;;
NORTE;Espinho;;;;;;;
NORTE;Espinho;;;;;;;
NORTE;Espinho;;;;;;;
NORTE;Espinho;;;;;;;
CENTRO;Estarreja;;;;;;;
CENTRO;Estarreja;;;;;;;
CENTRO;Estarreja;;;;;;;
CENTRO;Estarreja;;;;;;;
CENTRO;Estarreja;;;;;;;
NORTE;Santa Maria da Feira;;;;;;;
NORTE;Santa Maria da Feira;;;;;;;
NORTE;Santa Maria da Feira;;;;;;;
NORTE;Santa Maria da Feira;;;;;;;
NORTE;Santa Maria da Feira;;;;;;;
NORTE;Santa Maria da Feira;;;;;;;
NORTE;Santa Maria da Feira;;;;;;;
NORTE;Santa Maria da Feira;;;;;;;
NORTE;Santa Maria da Feira;;;;;;;
NORTE;Santa Maria da Feira;;;;;;;
NORTE;Santa Maria da Feira;;;;;;;
NORTE;Santa Maria da Feira;;;;;;;
NORTE;Santa Maria da Feira;;;;;;;
NORTE;Santa Maria da Feira;;;;;;;
NORTE;Santa Maria da Feira;;;;;;;
NORTE;Santa Maria da Feira;;;;;;;
NORTE;Santa Maria da Feira;;;;;;;
NORTE;Santa Maria da Feira;;;;;;;
NORTE;Santa Maria da Feira;;;;;;;
NORTE;Santa Maria da Feira;;;;;;;
NORTE;Santa Maria da Feira;;;;;;;
CENTRO;Ílhavo;;;;;;;
CENTRO;Ílhavo;;;;;;;
CENTRO;Ílhavo;;;;;;;
CENTRO;Ílhavo;;;;;;;
CENTRO;Mealhada;;;;;;;
CENTRO;Mealhada;;;;;;;
CENTRO;Mealhada;;;;;;;
CENTRO;Mealhada;;;;;;;
CENTRO;Mealhada;;;;;;;
CENTRO;Mealhada;;;;;;;
CENTRO;Murtosa;;;;;;;
CENTRO;Murtosa;;;;;;;
CENTRO;Murtosa;;;;;;;
CENTRO;Murtosa;;;;;;;
NORTE;Oliveira de Azeméis;;;;;;;
NORTE;Oliveira de Azeméis;;;;;;;
NORTE;Oliveira de Azeméis;;;;;;;
NORTE;Oliveira de Azeméis;;;;;;;
NORTE;Oliveira de Azeméis;;;;;;;
NORTE;Oliveira de Azeméis;;;;;;;
NORTE;Oliveira de Azeméis;;;;;;;
NORTE;Oliveira de Azeméis;;;;;;;
NORTE;Oliveira de Azeméis;;;;;;;
NORTE;Oliveira de Azeméis;;;;;;;
NORTE;Oliveira de Azeméis;;;;;;;
NORTE;Oliveira de Azeméis;;;;;;;
CENTRO;Oliveira do Bairro;;;;;;;
CENTRO;Oliveira do Bairro;;;;;;;
CENTRO;Oliveira do Bairro;;;;;;;
CENTRO;Oliveira do Bairro;;;;;;;
CENTRO;Ovar;;;;;;;
CENTRO;Ovar;;;;;;;
CENTRO;Ovar;;;;;;;
CENTRO;Ovar;;;;;;;
CENTRO;Ovar;;;;;;;
NORTE;São João da Madeira;;;;;;;
CENTRO;Sever do Vouga;;;;;;;
CENTRO;Sever do Vouga;;;;;;;
CENTRO;Sever do Vouga;;;;;;;
CENTRO;Sever do Vouga;;;;;;;
CENTRO;Sever do Vouga;;;;;;;
CENTRO;Sever do Vouga;;;;;;;
CENTRO;Sever do Vouga;;;;;;;
CENTRO;Vagos;;;;;;;
CENTRO;Vagos;;;;;;;
CENTRO;Vagos;;;;;;;
CENTRO;Vagos;;;;;;;
CENTRO;Vagos;;;;;;;
CENTRO;Vagos;;;;;;;
CENTRO;Vagos;;;;;;;
CENTRO;Vagos;;;;;;;
NORTE;Vale de Cambra;;;;;;;
NORTE;Vale de Cambra;;;;;;;
NORTE;Vale de Cambra;;;;;;;
NORTE;Vale de Cambra;;;;;;;
NORTE;Vale de Cambra;;;;;;;
NORTE;Vale de Cambra;;;;;;;
NORTE;Vale de Cambra;;;;;;;
ALENTEJO;Aljustrel;;;;;;;
ALENTEJO;Aljustrel;;;;;;;
ALENTEJO;Aljustrel;;;;;;;
ALENTEJO;Aljustrel;;;;;;;
ALENTEJO;Almodôvar;;;;;;;
ALENTEJO;Almodôvar;;;;;;;
ALENTEJO;Almodôvar;;;;;;;
ALENTEJO;Almodôvar;;;;;;;
ALENTEJO;Almodôvar;;;;;;;
ALENTEJO;Almodôvar;;;;;;;
ALENTEJO;Alvito;;;;;;;
ALENTEJO;Alvito;;;;;;;
ALENTEJO;Barrancos;;;;;;;
ALENTEJO;Beja;;;;;;;
ALENTEJO;Beja;;;;;;;
ALENTEJO;Beja;;;;;;;
ALENTEJO;Beja;;;;;;;
ALENTEJO;Beja;;;;;;;
ALENTEJO;Beja;;;;;;;
ALENTEJO;Beja;;;;;;;
ALENTEJO;Beja;;;;;;;
ALENTEJO;Beja;;;;;;;
ALENTEJO;Beja;;;;;;;
ALENTEJO;Beja;;;;;;;
ALENTEJO;Beja;;;;;;;
ALENTEJO;Castro Verde;;;;;;;
ALENTEJO;Castro Verde;;;;;;;
ALENTEJO;Castro Verde;;;;;;;
ALENTEJO;Castro Verde;;;;;;;
ALENTEJO;Cuba;;;;;;;
ALENTEJO;Cuba;;;;;;;
ALENTEJO;Cuba;;;;;;;
ALENTEJO;Cuba;;;;;;;
ALENTEJO;Ferreira do Alentejo;;;;;;;
ALENTEJO;Ferreira do Alentejo;;;;;;;
ALENTEJO;Ferreira do Alentejo;;;;;;;
ALENTEJO;Ferreira do Alentejo;;;;;;;
ALENTEJO;Mértola;;;;;;;
ALENTEJO;Mértola;;;;;;;
ALENTEJO;Mértola;;;;;;;
ALENTEJO;Mértola;;;;;;;
ALENTEJO;Mértola;;;;;;;
ALENTEJO;Mértola;;;;;;;
ALENTEJO;Mértola;;;;;;;
ALENTEJO;Moura;;;;;;;
ALENTEJO;Moura;;;;;;;
ALENTEJO;Moura;;;;;;;
ALENTEJO;Moura;;;;;;;
ALENTEJO;Moura;;;;;;;
ALENTEJO;Odemira;;;;;;;
ALENTEJO;Odemira;;;;;;;
ALENTEJO;Odemira;;;;;;;
ALENTEJO;Odemira;;;;;;;
ALENTEJO;Odemira;;;;;;;
ALENTEJO;Odemira;;;;;;;
ALENTEJO;Odemira;;;;;;;
ALENTEJO;Odemira;;;;;;;
ALENTEJO;Odemira;;;;;;;
ALENTEJO;Odemira;;;;;;;
ALENTEJO;Odemira;;;;;;;
ALENTEJO;Odemira;;;;;;;
ALENTEJO;Odemira;;;;;;;
ALENTEJO;Ourique;;;;;;;
ALENTEJO;Ourique;;;;;;;
ALENTEJO;Ourique;;;;;;;
ALENTEJO;Ourique;;;;;;;
ALENTEJO;Serpa;;;;;;;
ALENTEJO;Serpa;;;;;;;
ALENTEJO;Serpa;;;;;;;
ALENTEJO;Serpa;;;;;;;
ALENTEJO;Serpa;;;;;;;
ALENTEJO;Vidigueira;;;;;;;
ALENTEJO;Vidigueira;;;;;;;
ALENTEJO;Vidigueira;;;;;;;
ALENTEJO;Vidigueira;;;;;;;
NORTE;Amares;;;;;;;
NORTE;Amares;;;;;;;
NORTE;Amares;;;;;;;
NORTE;Amares;;;;;;;
NORTE;Amares;;;;;;;
NORTE;Amares;;;;;;;
NORTE;Amares;;;;;;;
NORTE;Amares;;;;;;;
NORTE;Amares;;;;;;;
NORTE;Amares;;;;;;;
NORTE;Amares;;;;;;;
NORTE;Amares;;;;;;;
NORTE;Amares;;;;;;;
NORTE;Amares;;;;;;;
NORTE;Amares;;;;;;;
NORTE;Amares;;;;;;;
NORTE;Barcelos;;;;;;;
NORTE;Barcelos;;;;;;;
NORTE;Barcelos;;;;;;;
NORTE;Barcelos;;;;;;;
NORTE;Barcelos;;;;;;;
NORTE;Barcelos;;;;;;;
NORTE;Barcelos;;;;;;;
NORTE;Barcelos;;;;;;;
NORTE;Barcelos;;;;;;;
NORTE;Barcelos;;;;;;;
NORTE;Barcelos;;;;;;;
NORTE;Barcelos;;;;;;;
NORTE;Barcelos;;;;;;;
NORTE;Barcelos;;;;;;;
NORTE;Barcelos;;;;;;;
NORTE;Barcelos;;;;;;;
NORTE;Barcelos;;;;;;;
NORTE;Barcelos;;;;;;;
NORTE;Barcelos;;;;;;;
NORTE;Barcelos;;;;;;;
NORTE;Barcelos;;;;;;;
NORTE;Barcelos;;;;;;;
NORTE;Barcelos;;;;;;;
NORTE;Barcelos;;;;;;;
NORTE;Barcelos;;;;;;;
NORTE;Barcelos;;;;;;;
NORTE;Barcelos;;;;;;;
NORTE;Barcelos;;;;;;;
NORTE;Barcelos;;;;;;;
NORTE;Barcelos;;;;;;;
NORTE;Barcelos;;;;;;;
NORTE;Barcelos;;;;;;;
NORTE;Barcelos;;;;;;;
NORTE;Barcelos;;;;;;;
NORTE;Barcelos;;;;;;;
NORTE;Barcelos;;;;;;;
NORTE;Barcelos;;;;;;;
NORTE;Barcelos;;;;;;;
NORTE;Barcelos;;;;;;;
NORTE;Barcelos;;;;;;;
NORTE;Barcelos;;;;;;;
NORTE;Barcelos;;;;;;;
NORTE;Barcelos;;;;;;;
NORTE;Barcelos;;;;;;;
NORTE;Barcelos;;;;;;;
NORTE;Barcelos;;;;;;;
NORTE;Barcelos;;;;;;;
NORTE;Barcelos;;;;;;;
NORTE;Barcelos;;;;;;;
NORTE;Barcelos;;;;;;;
NORTE;Barcelos;;;;;;;
NORTE;Barcelos;;;;;;;
NORTE;Barcelos;;;;;;;
NORTE;Barcelos;;;;;;;
NORTE;Barcelos;;;;;;;
NORTE;Barcelos;;;;;;;
NORTE;Barcelos;;;;;;;
NORTE;Barcelos;;;;;;;
NORTE;Barcelos;;;;;;;
NORTE;Barcelos;;;;;;;
NORTE;Barcelos;;;;;;;
NORTE;Braga;;;;;;;
NORTE;Braga;;;;;;;
NORTE;Braga;;;;;;;
NORTE;Braga;;;;;;;
NORTE;Braga;;;;;;;
NORTE;Braga;;;;;;;
NORTE;Braga;;;;;;;
NORTE;Braga;;;;;;;
NORTE;Braga;;;;;;;
NORTE;Braga;;;;;;;
NORTE;Braga;;;;;;;
NORTE;Braga;;;;;;;
NORTE;Braga;;;;;;;
NORTE;Braga;;;;;;;
NORTE;Braga;;;;;;;
NORTE;Braga;;;;;;;
NORTE;Braga;;;;;;;
NORTE;Braga;;;;;;;
NORTE;Braga;;;;;;;
NORTE;Braga;;;;;;;
NORTE;Braga;;;;;;;
NORTE;Braga;;;;;;;
NORTE;Braga;;;;;;;
NORTE;Braga;;;;;;;
NORTE;Braga;;;;;;;
NORTE;Braga;;;;;;;
NORTE;Braga;;;;;;;
NORTE;Braga;;;;;;;
NORTE;Braga;;;;;;;
NORTE;Braga;;;;;;;
NORTE;Braga;;;;;;;
NORTE;Braga;;;;;;;
NORTE;Braga;;;;;;;
NORTE;Braga;;;;;;;
NORTE;Braga;;;;;;;
NORTE;Braga;;;;;;;
NORTE;Braga;;;;;;;
NORTE;Cabeceiras de Basto;;;;;;;
NORTE;Cabeceiras de Basto;;;;;;;
NORTE;Cabeceiras de Basto;;;;;;;
NORTE;Cabeceiras de Basto;;;;;;;
NORTE;Cabeceiras de Basto;;;;;;;
NORTE;Cabeceiras de Basto;;;;;;;
NORTE;Cabeceiras de Basto;;;;;;;
NORTE;Cabeceiras de Basto;;;;;;;
NORTE;Cabeceiras de Basto;;;;;;;
NORTE;Cabeceiras de Basto;;;;;;;
NORTE;Cabeceiras de Basto;;;;;;;
NORTE;Cabeceiras de Basto;;;;;;;
NORTE;Celorico de Basto;;;;;;;
NORTE;Celorico de Basto;;;;;;;
NORTE;Celorico de Basto;;;;;;;
NORTE;Celorico de Basto;;;;;;;
NORTE;Celorico de Basto;;;;;;;
NORTE;Celorico de Basto;;;;;;;
NORTE;Celorico de Basto;;;;;;;
NORTE;Celorico de Basto;;;;;;;
NORTE;Celorico de Basto;;;;;;;
NORTE;Celorico de Basto;;;;;;;
NORTE;Celorico de Basto;;;;;;;
NORTE;Celorico de Basto;;;;;;;
NORTE;Celorico de Basto;;;;;;;
NORTE;Celorico de Basto;;;;;;;
NORTE;Celorico de Basto;;;;;;;
NORTE;Esposende;;;;;;;
NORTE;Esposende;;;;;;;
NORTE;Esposende;;;;;;;
NORTE;Esposende;;;;;;;
NORTE;Esposende;;;;;;;
NORTE;Esposende;;;;;;;
NORTE;Esposende;;;;;;;
NORTE;Esposende;;;;;;;
NORTE;Esposende;;;;;;;
NORTE;Fafe;;;;;;;
NORTE;Fafe;;;;;;;
NORTE;Fafe;;;;;;;
NORTE;Fafe;;;;;;;
NORTE;Fafe;;;;;;;
NORTE;Fafe;;;;;;;
NORTE;Fafe;;;;;;;
NORTE;Fafe;;;;;;;
NORTE;Fafe;;;;;;;
NORTE;Fafe;;;;;;;
NORTE;Fafe;;;;;;;
NORTE;Fafe;;;;;;;
NORTE;Fafe;;;;;;;
NORTE;Fafe;;;;;;;
NORTE;Fafe;;;;;;;
NORTE;Fafe;;;;;;;
NORTE;Fafe;;;;;;;
NORTE;Fafe;;;;;;;
NORTE;Fafe;;;;;;;
NORTE;Fafe;;;;;;;
NORTE;Fafe;;;;;;;
NORTE;Fafe;;;;;;;
NORTE;Fafe;;;;;;;
NORTE;Fafe;;;;;;;
NORTE;Fafe;;;;;;;
NORTE;Guimarães;;;;;;;
NORTE;Guimarães;;;;;;;
NORTE;Guimarães;;;;;;;
NORTE;Guimarães;;;;;;;
NORTE;Guimarães;;;;;;;
NORTE;Guimarães;;;;;;;
NORTE;Guimarães;;;;;;;
NORTE;Guimarães;;;;;;;
NORTE;Guimarães;;;;;;;
NORTE;Guimarães;;;;;;;
NORTE;Guimarães;;;;;;;
NORTE;Guimarães;;;;;;;
NORTE;Guimarães;;;;;;;
NORTE;Guimarães;;;;;;;
NORTE;Guimarães;;;;;;;
NORTE;Guimarães;;;;;;;
NORTE;Guimarães;;;;;;;
NORTE;Guimarães;;;;;;;
NORTE;Guimarães;;;;;;;
NORTE;Guimarães;;;;;;;
NORTE;Guimarães;;;;;;;
NORTE;Guimarães;;;;;;;
NORTE;Guimarães;;;;;;;
NORTE;Guimarães;;;;;;;
NORTE;Guimarães;;;;;;;
NORTE;Guimarães;;;;;;;
NORTE;Guimarães;;;;;;;
NORTE;Guimarães;;;;;;;
NORTE;Guimarães;;;;;;;
NORTE;Guimarães;;;;;;;
NORTE;Guimarães;;;;;;;
NORTE;Guimarães;;;;;;;
NORTE;Guimarães;;;;;;;
NORTE;Guimarães;;;;;;;
NORTE;Guimarães;;;;;;;
NORTE;Guimarães;;;;;;;
NORTE;Guimarães;;;;;;;
NORTE;Guimarães;;;;;;;
NORTE;Guimarães;;;;;;;
NORTE;Guimarães;;;;;;;
NORTE;Guimarães;;;;;;;
NORTE;Guimarães;;;;;;;
NORTE;Guimarães;;;;;;;
NORTE;Guimarães;;;;;;;
NORTE;Guimarães;;;;;;;
NORTE;Guimarães;;;;;;;
NORTE;Guimarães;;;;;;;
NORTE;Guimarães;;;;;;;
NORTE;Póvoa de Lanhoso;;;;;;;
NORTE;Póvoa de Lanhoso;;;;;;;
NORTE;Póvoa de Lanhoso;;;;;;;
NORTE;Póvoa de Lanhoso;;;;;;;
NORTE;Póvoa de Lanhoso;;;;;;;
NORTE;Póvoa de Lanhoso;;;;;;;
NORTE;Póvoa de Lanhoso;;;;;;;
NORTE;Póvoa de Lanhoso;;;;;;;
NORTE;Póvoa de Lanhoso;;;;;;;
NORTE;Póvoa de Lanhoso;;;;;;;
NORTE;Póvoa de Lanhoso;;;;;;;
NORTE;Póvoa de Lanhoso;;;;;;;
NORTE;Póvoa de Lanhoso;;;;;;;
NORTE;Póvoa de Lanhoso;;;;;;;
NORTE;Póvoa de Lanhoso;;;;;;;
NORTE;Póvoa de Lanhoso;;;;;;;
NORTE;Póvoa de Lanhoso;;;;;;;
NORTE;Póvoa de Lanhoso;;;;;;;
NORTE;Póvoa de Lanhoso;;;;;;;
NORTE;Póvoa de Lanhoso;;;;;;;
NORTE;Póvoa de Lanhoso;;;;;;;
NORTE;Póvoa de Lanhoso;;;;;;;
NORTE;Terras de Bouro;;;;;;;
NORTE;Terras de Bouro;;;;;;;
NORTE;Terras de Bouro;;;;;;;
NORTE;Terras de Bouro;;;;;;;
NORTE;Terras de Bouro;;;;;;;
NORTE;Terras de Bouro;;;;;;;
NORTE;Terras de Bouro;;;;;;;
NORTE;Terras de Bouro;;;;;;;
NORTE;Terras de Bouro;;;;;;;
NORTE;Terras de Bouro;;;;;;;
NORTE;Terras de Bouro;;;;;;;
NORTE;Terras de Bouro;;;;;;;
NORTE;Terras de Bouro;;;;;;;
NORTE;Terras de Bouro;;;;;;;
NORTE;Vieira do Minho;;;;;;;
NORTE;Vieira do Minho;;;;;;;
NORTE;Vieira do Minho;;;;;;;
NORTE;Vieira do Minho;;;;;;;
NORTE;Vieira do Minho;;;;;;;
NORTE;Vieira do Minho;;;;;;;
NORTE;Vieira do Minho;;;;;;;
NORTE;Vieira do Minho;;;;;;;
NORTE;Vieira do Minho;;;;;;;
NORTE;Vieira do Minho;;;;;;;
NORTE;Vieira do Minho;;;;;;;
NORTE;Vieira do Minho;;;;;;;
NORTE;Vieira do Minho;;;;;;;
NORTE;Vieira do Minho;;;;;;;
NORTE;Vieira do Minho;;;;;;;
NORTE;Vieira do Minho;;;;;;;
NORTE;Vila Nova de Famalicão;;;;;;;
NORTE;Vila Nova de Famalicão;;;;;;;
NORTE;Vila Nova de Famalicão;;;;;;;
NORTE;Vila Nova de Famalicão;;;;;;;
NORTE;Vila Nova de Famalicão;;;;;;;
NORTE;Vila Nova de Famalicão;;;;;;;
NORTE;Vila Nova de Famalicão;;;;;;;
NORTE;Vila Nova de Famalicão;;;;;;;
NORTE;Vila Nova de Famalicão;;;;;;;
NORTE;Vila Nova de Famalicão;;;;;;;
NORTE;Vila Nova de Famalicão;;;;;;;
NORTE;Vila Nova de Famalicão;;;;;;;
NORTE;Vila Nova de Famalicão;;;;;;;
NORTE;Vila Nova de Famalicão;;;;;;;
NORTE;Vila Nova de Famalicão;;;;;;;
NORTE;Vila Nova de Famalicão;;;;;;;
NORTE;Vila Nova de Famalicão;;;;;;;
NORTE;Vila Nova de Famalicão;;;;;;;
NORTE;Vila Nova de Famalicão;;;;;;;
NORTE;Vila Nova de Famalicão;;;;;;;
NORTE;Vila Nova de Famalicão;;;;;;;
NORTE;Vila Nova de Famalicão;;;;;;;
NORTE;Vila Nova de Famalicão;;;;;;;
NORTE;Vila Nova de Famalicão;;;;;;;
NORTE;Vila Nova de Famalicão;;;;;;;
NORTE;Vila Nova de Famalicão;;;;;;;
NORTE;Vila Nova de Famalicão;;;;;;;
NORTE;Vila Nova de Famalicão;;;;;;;
NORTE;Vila Nova de Famalicão;;;;;;;
NORTE;Vila Nova de Famalicão;;;;;;;
NORTE;Vila Nova de Famalicão;;;;;;;
NORTE;Vila Nova de Famalicão;;;;;;;
NORTE;Vila Nova de Famalicão;;;;;;;
NORTE;Vila Nova de Famalicão;;;;;;;
NORTE;Vila Verde;;;;;;;
NORTE;Vila Verde;;;;;;;
NORTE;Vila Verde;;;;;;;
NORTE;Vila Verde;;;;;;;
NORTE;Vila Verde;;;;;;;
NORTE;Vila Verde;;;;;;;
NORTE;Vila Verde;;;;;;;
NORTE;Vila Verde;;;;;;;
NORTE;Vila Verde;;;;;;;
NORTE;Vila Verde;;;;;;;
NORTE;Vila Verde;;;;;;;
NORTE;Vila Verde;;;;;;;
NORTE;Vila Verde;;;;;;;
NORTE;Vila Verde;;;;;;;
NORTE;Vila Verde;;;;;;;
NORTE;Vila Verde;;;;;;;
NORTE;Vila Verde;;;;;;;
NORTE;Vila Verde;;;;;;;
NORTE;Vila Verde;;;;;;;
NORTE;Vila Verde;;;;;;;
NORTE;Vila Verde;;;;;;;
NORTE;Vila Verde;;;;;;;
NORTE;Vila Verde;;;;;;;
NORTE;Vila Verde;;;;;;;
NORTE;Vila Verde;;;;;;;
NORTE;Vila Verde;;;;;;;
NORTE;Vila Verde;;;;;;;
NORTE;Vila Verde;;;;;;;
NORTE;Vila Verde;;;;;;;
NORTE;Vila Verde;;;;;;;
NORTE;Vila Verde;;;;;;;
NORTE;Vila Verde;;;;;;;
NORTE;Vila Verde;;;;;;;
NORTE;Vizela;;;;;;;
NORTE;Vizela;;;;;;;
NORTE;Vizela;;;;;;;
NORTE;Vizela;;;;;;;
NORTE;Vizela;;;;;;;
NORTE;Alfândega da Fé;;;;;;;
NORTE;Alfândega da Fé;;;;;;;
NORTE;Alfândega da Fé;;;;;;;
NORTE;Alfândega da Fé;;;;;;;
NORTE;Alfândega da Fé;;;;;;;
NORTE;Alfândega da Fé;;;;;;;
NORTE;Alfândega da Fé;;;;;;;
NORTE;Alfândega da Fé;;;;;;;
NORTE;Alfândega da Fé;;;;;;;
NORTE;Alfândega da Fé;;;;;;;
NORTE;Alfândega da Fé;;;;;;;
NORTE;Alfândega da Fé;;;;;;;
NORTE;Bragança;;;;;;;
NORTE;Bragança;;;;;;;
NORTE;Bragança;;;;;;;
NORTE;Bragança;;;;;;;
NORTE;Bragança;;;;;;;
NORTE;Bragança;;;;;;;
NORTE;Bragança;;;;;;;
NORTE;Bragança;;;;;;;
NORTE;Bragança;;;;;;;
NORTE;Bragança;;;;;;;
NORTE;Bragança;;;;;;;
NORTE;Bragança;;;;;;;
NORTE;Bragança;;;;;;;
NORTE;Bragança;;;;;;;
NORTE;Bragança;;;;;;;
NORTE;Bragança;;;;;;;
NORTE;Bragança;;;;;;;
NORTE;Bragança;;;;;;;
NORTE;Bragança;;;;;;;
NORTE;Bragança;;;;;;;
NORTE;Bragança;;;;;;;
NORTE;Bragança;;;;;;;
NORTE;Bragança;;;;;;;
NORTE;Bragança;;;;;;;
NORTE;Bragança;;;;;;;
NORTE;Bragança;;;;;;;
NORTE;Bragança;;;;;;;
NORTE;Bragança;;;;;;;
NORTE;Bragança;;;;;;;
NORTE;Bragança;;;;;;;
NORTE;Bragança;;;;;;;
NORTE;Bragança;;;;;;;
NORTE;Bragança;;;;;;;
NORTE;Bragança;;;;;;;
NORTE;Bragança;;;;;;;
NORTE;Bragança;;;;;;;
NORTE;Bragança;;;;;;;
NORTE;Bragança;;;;;;;
NORTE;Bragança;;;;;;;
NORTE;Carrazeda de Ansiães;;;;;;;
NORTE;Carrazeda de Ansiães;;;;;;;
NORTE;Carrazeda de Ansiães;;;;;;;
NORTE;Carrazeda de Ansiães;;;;;;;
NORTE;Carrazeda de Ansiães;;;;;;;
NORTE;Carrazeda de Ansiães;;;;;;;
NORTE;Carrazeda de Ansiães;;;;;;;
NORTE;Carrazeda de Ansiães;;;;;;;
NORTE;Carrazeda de Ansiães;;;;;;;
NORTE;Carrazeda de Ansiães;;;;;;;
NORTE;Carrazeda de Ansiães;;;;;;;
NORTE;Carrazeda de Ansiães;;;;;;;
NORTE;Carrazeda de Ansiães;;;;;;;
NORTE;Carrazeda de Ansiães;;;;;;;
NORTE;Freixo de Espada à Cinta;;;;;;;
NORTE;Freixo de Espada à Cinta;;;;;;;
NORTE;Freixo de Espada à Cinta;;;;;;;
NORTE;Freixo de Espada à Cinta;;;;;;;
NORTE;Macedo de Cavaleiros;;;;;;;
NORTE;Macedo de Cavaleiros;;;;;;;
NORTE;Macedo de Cavaleiros;;;;;;;
NORTE;Macedo de Cavaleiros;;;;;;;
NORTE;Macedo de Cavaleiros;;;;;;;
NORTE;Macedo de Cavaleiros;;;;;;;
NORTE;Macedo de Cavaleiros;;;;;;;
NORTE;Macedo de Cavaleiros;;;;;;;
NORTE;Macedo de Cavaleiros;;;;;;;
NORTE;Macedo de Cavaleiros;;;;;;;
NORTE;Macedo de Cavaleiros;;;;;;;
NORTE;Macedo de Cavaleiros;;;;;;;
NORTE;Macedo de Cavaleiros;;;;;;;
NORTE;Macedo de Cavaleiros;;;;;;;
NORTE;Macedo de Cavaleiros;;;;;;;
NORTE;Macedo de Cavaleiros;;;;;;;
NORTE;Macedo de Cavaleiros;;;;;;;
NORTE;Macedo de Cavaleiros;;;;;;;
NORTE;Macedo de Cavaleiros;;;;;;;
NORTE;Macedo de Cavaleiros;;;;;;;
NORTE;Macedo de Cavaleiros;;;;;;;
NORTE;Macedo de Cavaleiros;;;;;;;
NORTE;Macedo de Cavaleiros;;;;;;;
NORTE;Macedo de Cavaleiros;;;;;;;
NORTE;Macedo de Cavaleiros;;;;;;;
NORTE;Macedo de Cavaleiros;;;;;;;
NORTE;Macedo de Cavaleiros;;;;;;;
NORTE;Macedo de Cavaleiros;;;;;;;
NORTE;Macedo de Cavaleiros;;;;;;;
NORTE;Macedo de Cavaleiros;;;;;;;
NORTE;Miranda do Douro;;;;;;;
NORTE;Miranda do Douro;;;;;;;
NORTE;Miranda do Douro;;;;;;;
NORTE;Miranda do Douro;;;;;;;
NORTE;Miranda do Douro;;;;;;;
NORTE;Miranda do Douro;;;;;;;
NORTE;Miranda do Douro;;;;;;;
NORTE;Miranda do Douro;;;;;;;
NORTE;Miranda do Douro;;;;;;;
NORTE;Miranda do Douro;;;;;;;
NORTE;Miranda do Douro;;;;;;;
NORTE;Miranda do Douro;;;;;;;
NORTE;Miranda do Douro;;;;;;;
NORTE;Mirandela;;;;;;;
NORTE;Mirandela;;;;;;;
NORTE;Mirandela;;;;;;;
NORTE;Mirandela;;;;;;;
NORTE;Mirandela;;;;;;;
NORTE;Mirandela;;;;;;;
NORTE;Mirandela;;;;;;;
NORTE;Mirandela;;;;;;;
NORTE;Mirandela;;;;;;;
NORTE;Mirandela;;;;;;;
NORTE;Mirandela;;;;;;;
NORTE;Mirandela;;;;;;;
NORTE;Mirandela;;;;;;;
NORTE;Mirandela;;;;;;;
NORTE;Mirandela;;;;;;;
NORTE;Mirandela;;;;;;;
NORTE;Mirandela;;;;;;;
NORTE;Mirandela;;;;;;;
NORTE;Mirandela;;;;;;;
NORTE;Mirandela;;;;;;;
NORTE;Mirandela;;;;;;;
NORTE;Mirandela;;;;;;;
NORTE;Mirandela;;;;;;;
NORTE;Mirandela;;;;;;;
NORTE;Mirandela;;;;;;;
NORTE;Mirandela;;;;;;;
NORTE;Mirandela;;;;;;;
NORTE;Mirandela;;;;;;;
NORTE;Mirandela;;;;;;;
NORTE;Mirandela;;;;;;;
NORTE;Mogadouro;;;;;;;
NORTE;Mogadouro;;;;;;;
NORTE;Mogadouro;;;;;;;
NORTE;Mogadouro;;;;;;;
NORTE;Mogadouro;;;;;;;
NORTE;Mogadouro;;;;;;;
NORTE;Mogadouro;;;;;;;
NORTE;Mogadouro;;;;;;;
NORTE;Mogadouro;;;;;;;
NORTE;Mogadouro;;;;;;;
NORTE;Mogadouro;;;;;;;
NORTE;Mogadouro;;;;;;;
NORTE;Mogadouro;;;;;;;
NORTE;Mogadouro;;;;;;;
NORTE;Mogadouro;;;;;;;
NORTE;Mogadouro;;;;;;;
NORTE;Mogadouro;;;;;;;
NORTE;Mogadouro;;;;;;;
NORTE;Mogadouro;;;;;;;
NORTE;Mogadouro;;;;;;;
NORTE;Mogadouro;;;;;;;
NORTE;Torre de Moncorvo;;;;;;;
NORTE;Torre de Moncorvo;;;;;;;
NORTE;Torre de Moncorvo;;;;;;;
NORTE;Torre de Moncorvo;;;;;;;
NORTE;Torre de Moncorvo;;;;;;;
NORTE;Torre de Moncorvo;;;;;;;
NORTE;Torre de Moncorvo;;;;;;;
NORTE;Torre de Moncorvo;;;;;;;
NORTE;Torre de Moncorvo;;;;;;;
NORTE;Torre de Moncorvo;;;;;;;
NORTE;Torre de Moncorvo;;;;;;;
NORTE;Torre de Moncorvo;;;;;;;
NORTE;Torre de Moncorvo;;;;;;;
NORTE;Vila Flor;;;;;;;
NORTE;Vila Flor;;;;;;;
NORTE;Vila Flor;;;;;;;
NORTE;Vila Flor;;;;;;;
NORTE;Vila Flor;;;;;;;
NORTE;Vila Flor;;;;;;;
NORTE;Vila Flor;;;;;;;
NORTE;Vila Flor;;;;;;;
NORTE;Vila Flor;;;;;;;
NORTE;Vila Flor;;;;;;;
NORTE;Vila Flor;;;;;;;
NORTE;Vila Flor;;;;;;;
NORTE;Vila Flor;;;;;;;
NORTE;Vila Flor;;;;;;;
NORTE;Vimioso;;;;;;;
NORTE;Vimioso;;;;;;;
NORTE;Vimioso;;;;;;;
NORTE;Vimioso;;;;;;;
NORTE;Vimioso;;;;;;;
NORTE;Vimioso;;;;;;;
NORTE;Vimioso;;;;;;;
NORTE;Vimioso;;;;;;;
NORTE;Vimioso;;;;;;;
NORTE;Vimioso;;;;;;;
NORTE;Vinhais;;;;;;;
NORTE;Vinhais;;;;;;;
NORTE;Vinhais;;;;;;;
NORTE;Vinhais;;;;;;;
NORTE;Vinhais;;;;;;;
NORTE;Vinhais;;;;;;;
NORTE;Vinhais;;;;;;;
NORTE;Vinhais;;;;;;;
NORTE;Vinhais;;;;;;;
NORTE;Vinhais;;;;;;;
NORTE;Vinhais;;;;;;;
NORTE;Vinhais;;;;;;;
NORTE;Vinhais;;;;;;;
NORTE;Vinhais;;;;;;;
NORTE;Vinhais;;;;;;;
NORTE;Vinhais;;;;;;;
NORTE;Vinhais;;;;;;;
NORTE;Vinhais;;;;;;;
NORTE;Vinhais;;;;;;;
NORTE;Vinhais;;;;;;;
NORTE;Vinhais;;;;;;;
NORTE;Vinhais;;;;;;;
NORTE;Vinhais;;;;;;;
NORTE;Vinhais;;;;;;;
NORTE;Vinhais;;;;;;;
NORTE;Vinhais;;;;;;;
CENTRO;Belmonte;;;;;;;
CENTRO;Belmonte;;;;;;;
CENTRO;Belmonte;;;;;;;
CENTRO;Belmonte;;;;;;;
CENTRO;Castelo Branco;;;;;;;
CENTRO;Castelo Branco;;;;;;;
CENTRO;Castelo Branco;;;;;;;
CENTRO;Castelo Branco;;;;;;;
CENTRO;Castelo Branco;;;;;;;
CENTRO;Castelo Branco;;;;;;;
CENTRO;Castelo Branco;;;;;;;
CENTRO;Castelo Branco;;;;;;;
CENTRO;Castelo Branco;;;;;;;
CENTRO;Castelo Branco;;;;;;;
CENTRO;Castelo Branco;;;;;;;
CENTRO;Castelo Branco;;;;;;;
CENTRO;Castelo Branco;;;;;;;
CENTRO;Castelo Branco;;;;;;;
CENTRO;Castelo Branco;;;;;;;
CENTRO;Castelo Branco;;;;;;;
CENTRO;Castelo Branco;;;;;;;
CENTRO;Castelo Branco;;;;;;;
CENTRO;Castelo Branco;;;;;;;
CENTRO;Covilhã;;;;;;;
CENTRO;Covilhã;;;;;;;
CENTRO;Covilhã;;;;;;;
CENTRO;Covilhã;;;;;;;
CENTRO;Covilhã;;;;;;;
CENTRO;Covilhã;;;;;;;
CENTRO;Covilhã;;;;;;;
CENTRO;Covilhã;;;;;;;
CENTRO;Covilhã;;;;;;;
CENTRO;Covilhã;;;;;;;
CENTRO;Covilhã;;;;;;;
CENTRO;Covilhã;;;;;;;
CENTRO;Covilhã;;;;;;;
CENTRO;Covilhã;;;;;;;
CENTRO;Covilhã;;;;;;;
CENTRO;Covilhã;;;;;;;
CENTRO;Covilhã;;;;;;;
CENTRO;Covilhã;;;;;;;
CENTRO;Covilhã;;;;;;;
CENTRO;Covilhã;;;;;;;
CENTRO;Covilhã;;;;;;;
CENTRO;Fundão;;;;;;;
CENTRO;Fundão;;;;;;;
CENTRO;Fundão;;;;;;;
CENTRO;Fundão;;;;;;;
CENTRO;Fundão;;;;;;;
CENTRO;Fundão;;;;;;;
CENTRO;Fundão;;;;;;;
CENTRO;Fundão;;;;;;;
CENTRO;Fundão;;;;;;;
CENTRO;Fundão;;;;;;;
CENTRO;Fundão;;;;;;;
CENTRO;Fundão;;;;;;;
CENTRO;Fundão;;;;;;;
CENTRO;Fundão;;;;;;;
CENTRO;Fundão;;;;;;;
CENTRO;Fundão;;;;;;;
CENTRO;Fundão;;;;;;;
CENTRO;Fundão;;;;;;;
CENTRO;Fundão;;;;;;;
CENTRO;Fundão;;;;;;;
CENTRO;Fundão;;;;;;;
CENTRO;Fundão;;;;;;;
CENTRO;Fundão;;;;;;;
CENTRO;Idanha-a-Nova;;;;;;;
CENTRO;Idanha-a-Nova;;;;;;;
CENTRO;Idanha-a-Nova;;;;;;;
CENTRO;Idanha-a-Nova;;;;;;;
CENTRO;Idanha-a-Nova;;;;;;;
CENTRO;Idanha-a-Nova;;;;;;;
CENTRO;Idanha-a-Nova;;;;;;;
CENTRO;Idanha-a-Nova;;;;;;;
CENTRO;Idanha-a-Nova;;;;;;;
CENTRO;Idanha-a-Nova;;;;;;;
CENTRO;Idanha-a-Nova;;;;;;;
CENTRO;Idanha-a-Nova;;;;;;;
CENTRO;Idanha-a-Nova;;;;;;;
CENTRO;Oleiros;;;;;;;
CENTRO;Oleiros;;;;;;;
CENTRO;Oleiros;;;;;;;
CENTRO;Oleiros;;;;;;;
CENTRO;Oleiros;;;;;;;
CENTRO;Oleiros;;;;;;;
CENTRO;Oleiros;;;;;;;
CENTRO;Oleiros;;;;;;;
CENTRO;Oleiros;;;;;;;
CENTRO;Oleiros;;;;;;;
CENTRO;Penamacor;;;;;;;
CENTRO;Penamacor;;;;;;;
CENTRO;Penamacor;;;;;;;
CENTRO;Penamacor;;;;;;;
CENTRO;Penamacor;;;;;;;
CENTRO;Penamacor;;;;;;;
CENTRO;Penamacor;;;;;;;
CENTRO;Penamacor;;;;;;;
CENTRO;Penamacor;;;;;;;
CENTRO;Proença-a-Nova;;;;;;;
CENTRO;Proença-a-Nova;;;;;;;
CENTRO;Proença-a-Nova;;;;;;;
CENTRO;Proença-a-Nova;;;;;;;
CENTRO;Sertã;;;;;;;
CENTRO;Sertã;;;;;;;
CENTRO;Sertã;;;;;;;
CENTRO;Sertã;;;;;;;
CENTRO;Sertã;;;;;;;
CENTRO;Sertã;;;;;;;
CENTRO;Sertã;;;;;;;
CENTRO;Sertã;;;;;;;
CENTRO;Sertã;;;;;;;
CENTRO;Sertã;;;;;;;
CENTRO;Vila de Rei;;;;;;;
CENTRO;Vila de Rei;;;;;;;
CENTRO;Vila de Rei;;;;;;;
CENTRO;Vila Velha de Ródão;;;;;;;
CENTRO;Vila Velha de Ródão;;;;;;;
CENTRO;Vila Velha de Ródão;;;;;;;
CENTRO;Vila Velha de Ródão;;;;;;;
CENTRO;Arganil;;;;;;;
CENTRO;Arganil;;;;;;;
CENTRO;Arganil;;;;;;;
CENTRO;Arganil;;;;;;;
CENTRO;Arganil;;;;;;;
CENTRO;Arganil;;;;;;;
CENTRO;Arganil;;;;;;;
CENTRO;Arganil;;;;;;;
CENTRO;Arganil;;;;;;;
CENTRO;Arganil;;;;;;;
CENTRO;Arganil;;;;;;;
CENTRO;Arganil;;;;;;;
CENTRO;Arganil;;;;;;;
CENTRO;Arganil;;;;;;;
CENTRO;Cantanhede;;;;;;;
CENTRO;Cantanhede;;;;;;;
CENTRO;Cantanhede;;;;;;;
CENTRO;Cantanhede;;;;;;;
CENTRO;Cantanhede;;;;;;;
CENTRO;Cantanhede;;;;;;;
CENTRO;Cantanhede;;;;;;;
CENTRO;Cantanhede;;;;;;;
CENTRO;Cantanhede;;;;;;;
CENTRO;Cantanhede;;;;;;;
CENTRO;Cantanhede;;;;;;;
CENTRO;Cantanhede;;;;;;;
CENTRO;Cantanhede;;;;;;;
CENTRO;Cantanhede;;;;;;;
CENTRO;Coimbra;;;;;;;
CENTRO;Coimbra;;;;;;;
CENTRO;Coimbra;;;;;;;
CENTRO;Coimbra;;;;;;;
CENTRO;Coimbra;;;;;;;
CENTRO;Coimbra;;;;;;;
CENTRO;Coimbra;;;;;;;
CENTRO;Coimbra;;;;;;;
CENTRO;Coimbra;;;;;;;
CENTRO;Coimbra;;;;;;;
CENTRO;Coimbra;;;;;;;
CENTRO;Coimbra;;;;;;;
CENTRO;Coimbra;;;;;;;
CENTRO;Coimbra;;;;;;;
CENTRO;Coimbra;;;;;;;
CENTRO;Coimbra;;;;;;;
CENTRO;Coimbra;;;;;;;
CENTRO;Coimbra;;;;;;;
CENTRO;Condeixa-a-Nova;;;;;;;
CENTRO;Condeixa-a-Nova;;;;;;;
CENTRO;Condeixa-a-Nova;;;;;;;
CENTRO;Condeixa-a-Nova;;;;;;;
CENTRO;Condeixa-a-Nova;;;;;;;
CENTRO;Condeixa-a-Nova;;;;;;;
CENTRO;Condeixa-a-Nova;;;;;;;
CENTRO;Figueira da Foz;;;;;;;
CENTRO;Figueira da Foz;;;;;;;
CENTRO;Figueira da Foz;;;;;;;
CENTRO;Figueira da Foz;;;;;;;
CENTRO;Figueira da Foz;;;;;;;
CENTRO;Figueira da Foz;;;;;;;
CENTRO;Figueira da Foz;;;;;;;
CENTRO;Figueira da Foz;;;;;;;
CENTRO;Figueira da Foz;;;;;;;
CENTRO;Figueira da Foz;;;;;;;
CENTRO;Figueira da Foz;;;;;;;
CENTRO;Figueira da Foz;;;;;;;
CENTRO;Figueira da Foz;;;;;;;
CENTRO;Figueira da Foz;;;;;;;
CENTRO;Góis;;;;;;;
CENTRO;Góis;;;;;;;
CENTRO;Góis;;;;;;;
CENTRO;Góis;;;;;;;
CENTRO;Lousã;;;;;;;
CENTRO;Lousã;;;;;;;
CENTRO;Lousã;;;;;;;
CENTRO;Lousã;;;;;;;
CENTRO;Mira;;;;;;;
CENTRO;Mira;;;;;;;
CENTRO;Mira;;;;;;;
CENTRO;Mira;;;;;;;
CENTRO;Miranda do Corvo;;;;;;;
CENTRO;Miranda do Corvo;;;;;;;
CENTRO;Miranda do Corvo;;;;;;;
CENTRO;Miranda do Corvo;;;;;;;
CENTRO;Montemor-o-Velho;;;;;;;
CENTRO;Montemor-o-Velho;;;;;;;
CENTRO;Montemor-o-Velho;;;;;;;
CENTRO;Montemor-o-Velho;;;;;;;
CENTRO;Montemor-o-Velho;;;;;;;
CENTRO;Montemor-o-Velho;;;;;;;
CENTRO;Montemor-o-Velho;;;;;;;
CENTRO;Montemor-o-Velho;;;;;;;
CENTRO;Montemor-o-Velho;;;;;;;
CENTRO;Montemor-o-Velho;;;;;;;
CENTRO;Montemor-o-Velho;;;;;;;
CENTRO;Oliveira do Hospital;;;;;;;
CENTRO;Oliveira do Hospital;;;;;;;
CENTRO;Oliveira do Hospital;;;;;;;
CENTRO;Oliveira do Hospital;;;;;;;
CENTRO;Oliveira do Hospital;;;;;;;
CENTRO;Oliveira do Hospital;;;;;;;
CENTRO;Oliveira do Hospital;;;;;;;
CENTRO;Oliveira do Hospital;;;;;;;
CENTRO;Oliveira do Hospital;;;;;;;
CENTRO;Oliveira do Hospital;;;;;;;
CENTRO;Oliveira do Hospital;;;;;;;
CENTRO;Oliveira do Hospital;;;;;;;
CENTRO;Oliveira do Hospital;;;;;;;
CENTRO;Oliveira do Hospital;;;;;;;
CENTRO;Oliveira do Hospital;;;;;;;
CENTRO;Oliveira do Hospital;;;;;;;
CENTRO;Pampilhosa da Serra;;;;;;;
CENTRO;Pampilhosa da Serra;;;;;;;
CENTRO;Pampilhosa da Serra;;;;;;;
CENTRO;Pampilhosa da Serra;;;;;;;
CENTRO;Pampilhosa da Serra;;;;;;;
CENTRO;Pampilhosa da Serra;;;;;;;
CENTRO;Pampilhosa da Serra;;;;;;;
CENTRO;Pampilhosa da Serra;;;;;;;
CENTRO;Penacova;;;;;;;
CENTRO;Penacova;;;;;;;
CENTRO;Penacova;;;;;;;
CENTRO;Penacova;;;;;;;
CENTRO;Penacova;;;;;;;
CENTRO;Penacova;;;;;;;
CENTRO;Penacova;;;;;;;
CENTRO;Penacova;;;;;;;
CENTRO;Penela;;;;;;;
CENTRO;Penela;;;;;;;
CENTRO;Penela;;;;;;;
CENTRO;Penela;;;;;;;
CENTRO;Soure;;;;;;;
CENTRO;Soure;;;;;;;
CENTRO;Soure;;;;;;;
CENTRO;Soure;;;;;;;
CENTRO;Soure;;;;;;;
CENTRO;Soure;;;;;;;
CENTRO;Soure;;;;;;;
CENTRO;Soure;;;;;;;
CENTRO;Soure;;;;;;;
CENTRO;Soure;;;;;;;
CENTRO;Tábua;;;;;;;
CENTRO;Tábua;;;;;;;
CENTRO;Tábua;;;;;;;
CENTRO;Tábua;;;;;;;
CENTRO;Tábua;;;;;;;
CENTRO;Tábua;;;;;;;
CENTRO;Tábua;;;;;;;
CENTRO;Tábua;;;;;;;
CENTRO;Tábua;;;;;;;
CENTRO;Tábua;;;;;;;
CENTRO;Tábua;;;;;;;
CENTRO;Vila Nova de Poiares;;;;;;;
CENTRO;Vila Nova de Poiares;;;;;;;
CENTRO;Vila Nova de Poiares;;;;;;;
CENTRO;Vila Nova de Poiares;;;;;;;
ALENTEJO;Alandroal;;;;;;;
ALENTEJO;Alandroal;;;;;;;
ALENTEJO;Alandroal;;;;;;;
ALENTEJO;Alandroal;;;;;;;
ALENTEJO;Arraiolos;;;;;;;
ALENTEJO;Arraiolos;;;;;;;
ALENTEJO;Arraiolos;;;;;;;
ALENTEJO;Arraiolos;;;;;;;
ALENTEJO;Arraiolos;;;;;;;
ALENTEJO;Borba;;;;;;;
ALENTEJO;Borba;;;;;;;
ALENTEJO;Borba;;;;;;;
ALENTEJO;Borba;;;;;;;
ALENTEJO;Estremoz;;;;;;;
ALENTEJO;Estremoz;;;;;;;
ALENTEJO;Estremoz;;;;;;;
ALENTEJO;Estremoz;;;;;;;
ALENTEJO;Estremoz;;;;;;;
ALENTEJO;Estremoz;;;;;;;
ALENTEJO;Estremoz;;;;;;;
ALENTEJO;Estremoz;;;;;;;
ALENTEJO;Estremoz;;;;;;;
ALENTEJO;Évora;;;;;;;
ALENTEJO;Évora;;;;;;;
ALENTEJO;Évora;;;;;;;
ALENTEJO;Évora;;;;;;;
ALENTEJO;Évora;;;;;;;
ALENTEJO;Évora;;;;;;;
ALENTEJO;Évora;;;;;;;
ALENTEJO;Évora;;;;;;;
ALENTEJO;Évora;;;;;;;
ALENTEJO;Évora;;;;;;;
ALENTEJO;Évora;;;;;;;
ALENTEJO;Évora;;;;;;;
ALENTEJO;Montemor-o-Novo;;;;;;;
ALENTEJO;Montemor-o-Novo;;;;;;;
ALENTEJO;Montemor-o-Novo;;;;;;;
ALENTEJO;Montemor-o-Novo;;;;;;;
ALENTEJO;Montemor-o-Novo;;;;;;;
ALENTEJO;Montemor-o-Novo;;;;;;;
ALENTEJO;Montemor-o-Novo;;;;;;;
ALENTEJO;Mora;;;;;;;
ALENTEJO;Mora;;;;;;;
ALENTEJO;Mora;;;;;;;
ALENTEJO;Mora;;;;;;;
ALENTEJO;Mourão;;;;;;;
ALENTEJO;Mourão;;;;;;;
ALENTEJO;Mourão;;;;;;;
ALENTEJO;Portel;;;;;;;
ALENTEJO;Portel;;;;;;;
ALENTEJO;Portel;;;;;;;
ALENTEJO;Portel;;;;;;;
ALENTEJO;Portel;;;;;;;
ALENTEJO;Portel;;;;;;;
ALENTEJO;Redondo;;;;;;;
ALENTEJO;Redondo;;;;;;;
ALENTEJO;Reguengos de Monsaraz;;;;;;;
ALENTEJO;Reguengos de Monsaraz;;;;;;;
ALENTEJO;Reguengos de Monsaraz;;;;;;;
ALENTEJO;Reguengos de Monsaraz;;;;;;;
ALENTEJO;Vendas Novas;;;;;;;
ALENTEJO;Vendas Novas;;;;;;;
ALENTEJO;Viana do Alentejo;;;;;;;
ALENTEJO;Viana do Alentejo;;;;;;;
ALENTEJO;Viana do Alentejo;;;;;;;
ALENTEJO;Vila Viçosa;;;;;;;
ALENTEJO;Vila Viçosa;;;;;;;
ALENTEJO;Vila Viçosa;;;;;;;
ALENTEJO;Vila Viçosa;;;;;;;
ALGARVE;Albufeira;;;;;;;
ALGARVE;Albufeira;;;;;;;
ALGARVE;Albufeira;;;;;;;
ALGARVE;Albufeira;;;;;;;
ALGARVE;Alcoutim;;;;;;;
ALGARVE;Alcoutim;;;;;;;
ALGARVE;Alcoutim;;;;;;;
ALGARVE;Alcoutim;;;;;;;
ALGARVE;Aljezur;;;;;;;
ALGARVE;Aljezur;;;;;;;
ALGARVE;Aljezur;;;;;;;
ALGARVE;Aljezur;;;;;;;
ALGARVE;Castro Marim;;;;;;;
ALGARVE;Castro Marim;;;;;;;
ALGARVE;Castro Marim;;;;;;;
ALGARVE;Castro Marim;;;;;;;
ALGARVE;Faro;;;;;;;
ALGARVE;Faro;;;;;;;
ALGARVE;Faro;;;;;;;
ALGARVE;Faro;;;;;;;
ALGARVE;Lagoa;;;;;;;
ALGARVE;Lagoa;;;;;;;
ALGARVE;Lagoa;;;;;;;
ALGARVE;Lagoa;;;;;;;
ALGARVE;Lagos;;;;;;;
ALGARVE;Lagos;;;;;;;
ALGARVE;Lagos;;;;;;;
ALGARVE;Lagos;;;;;;;
ALGARVE;Loulé;;;;;;;
ALGARVE;Loulé;;;;;;;
ALGARVE;Loulé;;;;;;;
ALGARVE;Loulé;;;;;;;
ALGARVE;Loulé;;;;;;;
ALGARVE;Loulé;;;;;;;
ALGARVE;Loulé;;;;;;;
ALGARVE;Loulé;;;;;;;
ALGARVE;Loulé;;;;;;;
ALGARVE;Monchique;;;;;;;
ALGARVE;Monchique;;;;;;;
ALGARVE;Monchique;;;;;;;
ALGARVE;Olhão;;;;;;;
ALGARVE;Olhão;;;;;;;
ALGARVE;Olhão;;;;;;;
ALGARVE;Olhão;;;;;;;
ALGARVE;Portimão;;;;;;;
ALGARVE;Portimão;;;;;;;
ALGARVE;Portimão;;;;;;;
ALGARVE;São Brás de Alportel;;;;;;;
ALGARVE;Silves;;;;;;;
ALGARVE;Silves;;;;;;;
ALGARVE;Silves;;;;;;;
ALGARVE;Silves;;;;;;;
ALGARVE;Silves;;;;;;;
ALGARVE;Silves;;;;;;;
ALGARVE;Tavira;;;;;;;
ALGARVE;Tavira;;;;;;;
ALGARVE;Tavira;;;;;;;
ALGARVE;Tavira;;;;;;;
ALGARVE;Tavira;;;;;;;
ALGARVE;Tavira;;;;;;;
ALGARVE;Vila do Bispo;;;;;;;
ALGARVE;Vila do Bispo;;;;;;;
ALGARVE;Vila do Bispo;;;;;;;
ALGARVE;Vila do Bispo;;;;;;;
ALGARVE;Vila Real de Santo António;;;;;;;
ALGARVE;Vila Real de Santo António;;;;;;;
ALGARVE;Vila Real de Santo António;;;;;;;
CENTRO;Aguiar da Beira;;;;;;;
CENTRO;Aguiar da Beira;;;;;;;
CENTRO;Aguiar da Beira;;;;;;;
CENTRO;Aguiar da Beira;;;;;;;
CENTRO;Aguiar da Beira;;;;;;;
CENTRO;Aguiar da Beira;;;;;;;
CENTRO;Aguiar da Beira;;;;;;;
CENTRO;Aguiar da Beira;;;;;;;
CENTRO;Aguiar da Beira;;;;;;;
CENTRO;Aguiar da Beira;;;;;;;
CENTRO;Almeida;;;;;;;
CENTRO;Almeida;;;;;;;
CENTRO;Almeida;;;;;;;
CENTRO;Almeida;;;;;;;
CENTRO;Almeida;;;;;;;
CENTRO;Almeida;;;;;;;
CENTRO;Almeida;;;;;;;
CENTRO;Almeida;;;;;;;
CENTRO;Almeida;;;;;;;
CENTRO;Almeida;;;;;;;
CENTRO;Almeida;;;;;;;
CENTRO;Almeida;;;;;;;
CENTRO;Almeida;;;;;;;
CENTRO;Almeida;;;;;;;
CENTRO;Almeida;;;;;;;
CENTRO;Almeida;;;;;;;
CENTRO;Celorico da Beira;;;;;;;
CENTRO;Celorico da Beira;;;;;;;
CENTRO;Celorico da Beira;;;;;;;
CENTRO;Celorico da Beira;;;;;;;
CENTRO;Celorico da Beira;;;;;;;
CENTRO;Celorico da Beira;;;;;;;
CENTRO;Celorico da Beira;;;;;;;
CENTRO;Celorico da Beira;;;;;;;
CENTRO;Celorico da Beira;;;;;;;
CENTRO;Celorico da Beira;;;;;;;
CENTRO;Celorico da Beira;;;;;;;
CENTRO;Celorico da Beira;;;;;;;
CENTRO;Celorico da Beira;;;;;;;
CENTRO;Celorico da Beira;;;;;;;
CENTRO;Celorico da Beira;;;;;;;
CENTRO;Celorico da Beira;;;;;;;
CENTRO;Figueira de Castelo Rodrigo;;;;;;;
CENTRO;Figueira de Castelo Rodrigo;;;;;;;
CENTRO;Figueira de Castelo Rodrigo;;;;;;;
CENTRO;Figueira de Castelo Rodrigo;;;;;;;
CENTRO;Figueira de Castelo Rodrigo;;;;;;;
CENTRO;Figueira de Castelo Rodrigo;;;;;;;
CENTRO;Figueira de Castelo Rodrigo;;;;;;;
CENTRO;Figueira de Castelo Rodrigo;;;;;;;
CENTRO;Figueira de Castelo Rodrigo;;;;;;;
CENTRO;Figueira de Castelo Rodrigo;;;;;;;
CENTRO;Fornos de Algodres;;;;;;;
CENTRO;Fornos de Algodres;;;;;;;
CENTRO;Fornos de Algodres;;;;;;;
CENTRO;Fornos de Algodres;;;;;;;
CENTRO;Fornos de Algodres;;;;;;;
CENTRO;Fornos de Algodres;;;;;;;
CENTRO;Fornos de Algodres;;;;;;;
CENTRO;Fornos de Algodres;;;;;;;
CENTRO;Fornos de Algodres;;;;;;;
CENTRO;Fornos de Algodres;;;;;;;
CENTRO;Fornos de Algodres;;;;;;;
CENTRO;Fornos de Algodres;;;;;;;
CENTRO;Gouveia;;;;;;;
CENTRO;Gouveia;;;;;;;
CENTRO;Gouveia;;;;;;;
CENTRO;Gouveia;;;;;;;
CENTRO;Gouveia;;;;;;;
CENTRO;Gouveia;;;;;;;
CENTRO;Gouveia;;;;;;;
CENTRO;Gouveia;;;;;;;
CENTRO;Gouveia;;;;;;;
CENTRO;Gouveia;;;;;;;
CENTRO;Gouveia;;;;;;;
CENTRO;Gouveia;;;;;;;
CENTRO;Gouveia;;;;;;;
CENTRO;Gouveia;;;;;;;
CENTRO;Gouveia;;;;;;;
CENTRO;Gouveia;;;;;;;
CENTRO;Guarda;;;;;;;
CENTRO;Guarda;;;;;;;
CENTRO;Guarda;;;;;;;
CENTRO;Guarda;;;;;;;
CENTRO;Guarda;;;;;;;
CENTRO;Guarda;;;;;;;
CENTRO;Guarda;;;;;;;
CENTRO;Guarda;;;;;;;
CENTRO;Guarda;;;;;;;
CENTRO;Guarda;;;;;;;
CENTRO;Guarda;;;;;;;
CENTRO;Guarda;;;;;;;
CENTRO;Guarda;;;;;;;
CENTRO;Guarda;;;;;;;
CENTRO;Guarda;;;;;;;
CENTRO;Guarda;;;;;;;
CENTRO;Guarda;;;;;;;
CENTRO;Guarda;;;;;;;
CENTRO;Guarda;;;;;;;
CENTRO;Guarda;;;;;;;
CENTRO;Guarda;;;;;;;
CENTRO;Guarda;;;;;;;
CENTRO;Guarda;;;;;;;
CENTRO;Guarda;;;;;;;
CENTRO;Guarda;;;;;;;
CENTRO;Guarda;;;;;;;
CENTRO;Guarda;;;;;;;
CENTRO;Guarda;;;;;;;
CENTRO;Guarda;;;;;;;
CENTRO;Guarda;;;;;;;
CENTRO;Guarda;;;;;;;
CENTRO;Guarda;;;;;;;
CENTRO;Guarda;;;;;;;
CENTRO;Guarda;;;;;;;
CENTRO;Guarda;;;;;;;
CENTRO;Guarda;;;;;;;
CENTRO;Guarda;;;;;;;
CENTRO;Guarda;;;;;;;
CENTRO;Guarda;;;;;;;
CENTRO;Guarda;;;;;;;
CENTRO;Guarda;;;;;;;
CENTRO;Guarda;;;;;;;
CENTRO;Guarda;;;;;;;
CENTRO;Manteigas;;;;;;;
CENTRO;Manteigas;;;;;;;
CENTRO;Manteigas;;;;;;;
CENTRO;Manteigas;;;;;;;
CENTRO;Mêda;;;;;;;
CENTRO;Mêda;;;;;;;
CENTRO;Mêda;;;;;;;
CENTRO;Mêda;;;;;;;
CENTRO;Mêda;;;;;;;
CENTRO;Mêda;;;;;;;
CENTRO;Mêda;;;;;;;
CENTRO;Mêda;;;;;;;
CENTRO;Mêda;;;;;;;
CENTRO;Mêda;;;;;;;
CENTRO;Mêda;;;;;;;
CENTRO;Pinhel;;;;;;;
CENTRO;Pinhel;;;;;;;
CENTRO;Pinhel;;;;;;;
CENTRO;Pinhel;;;;;;;
CENTRO;Pinhel;;;;;;;
CENTRO;Pinhel;;;;;;;
CENTRO;Pinhel;;;;;;;
CENTRO;Pinhel;;;;;;;
CENTRO;Pinhel;;;;;;;
CENTRO;Pinhel;;;;;;;
CENTRO;Pinhel;;;;;;;
CENTRO;Pinhel;;;;;;;
CENTRO;Pinhel;;;;;;;
CENTRO;Pinhel;;;;;;;
CENTRO;Pinhel;;;;;;;
CENTRO;Pinhel;;;;;;;
CENTRO;Pinhel;;;;;;;
CENTRO;Pinhel;;;;;;;
CENTRO;Sabugal;;;;;;;
CENTRO;Sabugal;;;;;;;
CENTRO;Sabugal;;;;;;;
CENTRO;Sabugal;;;;;;;
CENTRO;Sabugal;;;;;;;
CENTRO;Sabugal;;;;;;;
CENTRO;Sabugal;;;;;;;
CENTRO;Sabugal;;;;;;;
CENTRO;Sabugal;;;;;;;
CENTRO;Sabugal;;;;;;;
CENTRO;Sabugal;;;;;;;
CENTRO;Sabugal;;;;;;;
CENTRO;Sabugal;;;;;;;
CENTRO;Sabugal;;;;;;;
CENTRO;Sabugal;;;;;;;
CENTRO;Sabugal;;;;;;;
CENTRO;Sabugal;;;;;;;
CENTRO;Sabugal;;;;;;;
CENTRO;Sabugal;;;;;;;
CENTRO;Sabugal;;;;;;;
CENTRO;Sabugal;;;;;;;
CENTRO;Sabugal;;;;;;;
CENTRO;Sabugal;;;;;;;
CENTRO;Sabugal;;;;;;;
CENTRO;Sabugal;;;;;;;
CENTRO;Sabugal;;;;;;;
CENTRO;Sabugal;;;;;;;
CENTRO;Sabugal;;;;;;;
CENTRO;Sabugal;;;;;;;
CENTRO;Sabugal;;;;;;;
CENTRO;Seia;;;;;;;
CENTRO;Seia;;;;;;;
CENTRO;Seia;;;;;;;
CENTRO;Seia;;;;;;;
CENTRO;Seia;;;;;;;
CENTRO;Seia;;;;;;;
CENTRO;Seia;;;;;;;
CENTRO;Seia;;;;;;;
CENTRO;Seia;;;;;;;
CENTRO;Seia;;;;;;;
CENTRO;Seia;;;;;;;
CENTRO;Seia;;;;;;;
CENTRO;Seia;;;;;;;
CENTRO;Seia;;;;;;;
CENTRO;Seia;;;;;;;
CENTRO;Seia;;;;;;;
CENTRO;Seia;;;;;;;
CENTRO;Seia;;;;;;;
CENTRO;Seia;;;;;;;
CENTRO;Seia;;;;;;;
CENTRO;Seia;;;;;;;
CENTRO;Trancoso;;;;;;;
CENTRO;Trancoso;;;;;;;
CENTRO;Trancoso;;;;;;;
CENTRO;Trancoso;;;;;;;
CENTRO;Trancoso;;;;;;;
CENTRO;Trancoso;;;;;;;
CENTRO;Trancoso;;;;;;;
CENTRO;Trancoso;;;;;;;
CENTRO;Trancoso;;;;;;;
CENTRO;Trancoso;;;;;;;
CENTRO;Trancoso;;;;;;;
CENTRO;Trancoso;;;;;;;
CENTRO;Trancoso;;;;;;;
CENTRO;Trancoso;;;;;;;
CENTRO;Trancoso;;;;;;;
CENTRO;Trancoso;;;;;;;
CENTRO;Trancoso;;;;;;;
CENTRO;Trancoso;;;;;;;
CENTRO;Trancoso;;;;;;;
CENTRO;Trancoso;;;;;;;
CENTRO;Trancoso;;;;;;;
NORTE;Vila Nova de Foz Côa;;;;;;;
NORTE;Vila Nova de Foz Côa;;;;;;;
NORTE;Vila Nova de Foz Côa;;;;;;;
NORTE;Vila Nova de Foz Côa;;;;;;;
NORTE;Vila Nova de Foz Côa;;;;;;;
NORTE;Vila Nova de Foz Côa;;;;;;;
NORTE;Vila Nova de Foz Côa;;;;;;;
NORTE;Vila Nova de Foz Côa;;;;;;;
NORTE;Vila Nova de Foz Côa;;;;;;;
NORTE;Vila Nova de Foz Côa;;;;;;;
NORTE;Vila Nova de Foz Côa;;;;;;;
NORTE;Vila Nova de Foz Côa;;;;;;;
NORTE;Vila Nova de Foz Côa;;;;;;;
NORTE;Vila Nova de Foz Côa;;;;;;;
CENTRO;Alcobaça;;;;;;;
CENTRO;Alcobaça;;;;;;;
CENTRO;Alcobaça;;;;;;;
CENTRO;Alcobaça;;;;;;;
CENTRO;Alcobaça;;;;;;;
CENTRO;Alcobaça;;;;;;;
CENTRO;Alcobaça;;;;;;;
CENTRO;Alcobaça;;;;;;;
CENTRO;Alcobaça;;;;;;;
CENTRO;Alcobaça;;;;;;;
CENTRO;Alcobaça;;;;;;;
CENTRO;Alcobaça;;;;;;;
CENTRO;Alcobaça;;;;;;;
CENTRO;Alvaiázere;;;;;;;
CENTRO;Alvaiázere;;;;;;;
CENTRO;Alvaiázere;;;;;;;
CENTRO;Alvaiázere;;;;;;;
CENTRO;Alvaiázere;;;;;;;
CENTRO;Ansião;;;;;;;
CENTRO;Ansião;;;;;;;
CENTRO;Ansião;;;;;;;
CENTRO;Ansião;;;;;;;
CENTRO;Ansião;;;;;;;
CENTRO;Ansião;;;;;;;
CENTRO;Batalha;;;;;;;
CENTRO;Batalha;;;;;;;
CENTRO;Batalha;;;;;;;
CENTRO;Batalha;;;;;;;
CENTRO;Bombarral;;;;;;;
CENTRO;Bombarral;;;;;;;
CENTRO;Bombarral;;;;;;;
CENTRO;Bombarral;;;;;;;
CENTRO;Caldas da Rainha;;;;;;;
CENTRO;Caldas da Rainha;;;;;;;
CENTRO;Caldas da Rainha;;;;;;;
CENTRO;Caldas da Rainha;;;;;;;
CENTRO;Caldas da Rainha;;;;;;;
CENTRO;Caldas da Rainha;;;;;;;
CENTRO;Caldas da Rainha;;;;;;;
CENTRO;Caldas da Rainha;;;;;;;
CENTRO;Caldas da Rainha;;;;;;;
CENTRO;Caldas da Rainha;;;;;;;
CENTRO;Caldas da Rainha;;;;;;;
CENTRO;Caldas da Rainha;;;;;;;
CENTRO;Castanheira de Pêra;;;;;;;
CENTRO;Figueiró dos Vinhos;;;;;;;
CENTRO;Figueiró dos Vinhos;;;;;;;
CENTRO;Figueiró dos Vinhos;;;;;;;
CENTRO;Figueiró dos Vinhos;;;;;;;
CENTRO;Leiria;;;;;;;
CENTRO;Leiria;;;;;;;
CENTRO;Leiria;;;;;;;
CENTRO;Leiria;;;;;;;
CENTRO;Leiria;;;;;;;
CENTRO;Leiria;;;;;;;
CENTRO;Leiria;;;;;;;
CENTRO;Leiria;;;;;;;
CENTRO;Leiria;;;;;;;
CENTRO;Leiria;;;;;;;
CENTRO;Leiria;;;;;;;
CENTRO;Leiria;;;;;;;
CENTRO;Leiria;;;;;;;
CENTRO;Leiria;;;;;;;
CENTRO;Leiria;;;;;;;
CENTRO;Leiria;;;;;;;
CENTRO;Leiria;;;;;;;
CENTRO;Leiria;;;;;;;
CENTRO;Marinha Grande;;;;;;;
CENTRO;Marinha Grande;;;;;;;
CENTRO;Marinha Grande;;;;;;;
CENTRO;Nazaré;;;;;;;
CENTRO;Nazaré;;;;;;;
CENTRO;Nazaré;;;;;;;
CENTRO;Óbidos;;;;;;;
CENTRO;Óbidos;;;;;;;
CENTRO;Óbidos;;;;;;;
CENTRO;Óbidos;;;;;;;
CENTRO;Óbidos;;;;;;;
CENTRO;Óbidos;;;;;;;
CENTRO;Óbidos;;;;;;;
CENTRO;Pedrógão Grande;;;;;;;
CENTRO;Pedrógão Grande;;;;;;;
CENTRO;Pedrógão Grande;;;;;;;
CENTRO;Peniche;;;;;;;
CENTRO;Peniche;;;;;;;
CENTRO;Peniche;;;;;;;
CENTRO;Peniche;;;;;;;
CENTRO;Pombal;;;;;;;
CENTRO;Pombal;;;;;;;
CENTRO;Pombal;;;;;;;
CENTRO;Pombal;;;;;;;
CENTRO;Pombal;;;;;;;
CENTRO;Pombal;;;;;;;
CENTRO;Pombal;;;;;;;
CENTRO;Pombal;;;;;;;
CENTRO;Pombal;;;;;;;
CENTRO;Pombal;;;;;;;
CENTRO;Pombal;;;;;;;
CENTRO;Pombal;;;;;;;
CENTRO;Pombal;;;;;;;
CENTRO;Porto de Mós;;;;;;;
CENTRO;Porto de Mós;;;;;;;
CENTRO;Porto de Mós;;;;;;;
CENTRO;Porto de Mós;;;;;;;
CENTRO;Porto de Mós;;;;;;;
CENTRO;Porto de Mós;;;;;;;
CENTRO;Porto de Mós;;;;;;;
CENTRO;Porto de Mós;;;;;;;
CENTRO;Porto de Mós;;;;;;;
CENTRO;Porto de Mós;;;;;;;
CENTRO;Alenquer;;;;;;;
CENTRO;Alenquer;;;;;;;
CENTRO;Alenquer;;;;;;;
CENTRO;Alenquer;;;;;;;
CENTRO;Alenquer;;;;;;;
CENTRO;Alenquer;;;;;;;
CENTRO;Alenquer;;;;;;;
CENTRO;Alenquer;;;;;;;
CENTRO;Alenquer;;;;;;;
CENTRO;Alenquer;;;;;;;
CENTRO;Alenquer;;;;;;;
CENTRO;Arruda dos Vinhos;;;;;;;
CENTRO;Arruda dos Vinhos;;;;;;;
CENTRO;Arruda dos Vinhos;;;;;;;
CENTRO;Arruda dos Vinhos;;;;;;;
ALENTEJO;Azambuja;;;;;;;
ALENTEJO;Azambuja;;;;;;;
ALENTEJO;Azambuja;;;;;;;
ALENTEJO;Azambuja;;;;;;;
ALENTEJO;Azambuja;;;;;;;
ALENTEJO;Azambuja;;;;;;;
ALENTEJO;Azambuja;;;;;;;
CENTRO;Cadaval;;;;;;;
CENTRO;Cadaval;;;;;;;
CENTRO;Cadaval;;;;;;;
CENTRO;Cadaval;;;;;;;
CENTRO;Cadaval;;;;;;;
CENTRO;Cadaval;;;;;;;
CENTRO;Cadaval;;;;;;;
ÁREA METROPOLITANA DE LISBOA;Cascais;;;;;;;
ÁREA METROPOLITANA DE LISBOA;Cascais;;;;;;;
ÁREA METROPOLITANA DE LISBOA;Cascais;;;;;;;
ÁREA METROPOLITANA DE LISBOA;Cascais;;;;;;;
ÁREA METROPOLITANA DE LISBOA;Lisboa;;;;;;;
ÁREA METROPOLITANA DE LISBOA;Lisboa;;;;;;;
ÁREA METROPOLITANA DE LISBOA;Lisboa;;;;;;;
ÁREA METROPOLITANA DE LISBOA;Lisboa;;;;;;;
ÁREA METROPOLITANA DE LISBOA;Lisboa;;;;;;;
ÁREA METROPOLITANA DE LISBOA;Lisboa;;;;;;;
ÁREA METROPOLITANA DE LISBOA;Lisboa;;;;;;;
ÁREA METROPOLITANA DE LISBOA;Lisboa;;;;;;;
ÁREA METROPOLITANA DE LISBOA;Lisboa;;;;;;;
ÁREA METROPOLITANA DE LISBOA;Lisboa;;;;;;;
ÁREA METROPOLITANA DE LISBOA;Lisboa;;;;;;;
ÁREA METROPOLITANA DE LISBOA;Lisboa;;;;;;;
ÁREA METROPOLITANA DE LISBOA;Lisboa;;;;;;;
ÁREA METROPOLITANA DE LISBOA;Lisboa;;;;;;;
ÁREA METROPOLITANA DE LISBOA;Lisboa;;;;;;;
ÁREA METROPOLITANA DE LISBOA;Lisboa;;;;;;;
ÁREA METROPOLITANA DE LISBOA;Lisboa;;;;;;;
ÁREA METROPOLITANA DE LISBOA;Lisboa;;;;;;;
ÁREA METROPOLITANA DE LISBOA;Lisboa;;;;;;;
ÁREA METROPOLITANA DE LISBOA;Lisboa;;;;;;;
ÁREA METROPOLITANA DE LISBOA;Lisboa;;;;;;;
ÁREA METROPOLITANA DE LISBOA;Lisboa;;;;;;;
ÁREA METROPOLITANA DE LISBOA;Lisboa;;;;;;;
ÁREA METROPOLITANA DE LISBOA;Lisboa;;;;;;;
ÁREA METROPOLITANA DE LISBOA;Loures;;;;;;;
ÁREA METROPOLITANA DE LISBOA;Loures;;;;;;;
ÁREA METROPOLITANA DE LISBOA;Loures;;;;;;;
ÁREA METROPOLITANA DE LISBOA;Loures;;;;;;;
ÁREA METROPOLITANA DE LISBOA;Loures;;;;;;;
ÁREA METROPOLITANA DE LISBOA;Loures;;;;;;;
ÁREA METROPOLITANA DE LISBOA;Loures;;;;;;;
ÁREA METROPOLITANA DE LISBOA;Loures;;;;;;;
ÁREA METROPOLITANA DE LISBOA;Loures;;;;;;;
ÁREA METROPOLITANA DE LISBOA;Loures;;;;;;;
CENTRO;Lourinhã;;;;;;;
CENTRO;Lourinhã;;;;;;;
CENTRO;Lourinhã;;;;;;;
CENTRO;Lourinhã;;;;;;;
CENTRO;Lourinhã;;;;;;;
CENTRO;Lourinhã;;;;;;;
CENTRO;Lourinhã;;;;;;;
ÁREA METROPOLITANA DE LISBOA;Mafra;;;;;;;
ÁREA METROPOLITANA DE LISBOA;Mafra;;;;;;;
ÁREA METROPOLITANA DE LISBOA;Mafra;;;;;;;
ÁREA METROPOLITANA DE LISBOA;Mafra;;;;;;;
ÁREA METROPOLITANA DE LISBOA;Mafra;;;;;;;
ÁREA METROPOLITANA DE LISBOA;Mafra;;;;;;;
ÁREA METROPOLITANA DE LISBOA;Mafra;;;;;;;
ÁREA METROPOLITANA DE LISBOA;Mafra;;;;;;;
ÁREA METROPOLITANA DE LISBOA;Mafra;;;;;;;
ÁREA METROPOLITANA DE LISBOA;Mafra;;;;;;;
ÁREA METROPOLITANA DE LISBOA;Mafra;;;;;;;
ÁREA METROPOLITANA DE LISBOA;Oeiras;;;;;;;
ÁREA METROPOLITANA DE LISBOA;Oeiras;;;;;;;
ÁREA METROPOLITANA DE LISBOA;Oeiras;;;;;;;
ÁREA METROPOLITANA DE LISBOA;Oeiras;;;;;;;
ÁREA METROPOLITANA DE LISBOA;Oeiras;;;;;;;
ÁREA METROPOLITANA DE LISBOA;Sintra;;;;;;;
ÁREA METROPOLITANA DE LISBOA;Sintra;;;;;;;
ÁREA METROPOLITANA DE LISBOA;Sintra;;;;;;;
ÁREA METROPOLITANA DE LISBOA;Sintra;;;;;;;
ÁREA METROPOLITANA DE LISBOA;Sintra;;;;;;;
ÁREA METROPOLITANA DE LISBOA;Sintra;;;;;;;
ÁREA METROPOLITANA DE LISBOA;Sintra;;;;;;;
ÁREA METROPOLITANA DE LISBOA;Sintra;;;;;;;
ÁREA METROPOLITANA DE LISBOA;Sintra;;;;;;;
ÁREA METROPOLITANA DE LISBOA;Sintra;;;;;;;
ÁREA METROPOLITANA DE LISBOA;Sintra;;;;;;;
CENTRO;Sobral de Monte Agraço;;;;;;;
CENTRO;Sobral de Monte Agraço;;;;;;;
CENTRO;Sobral de Monte Agraço;;;;;;;
CENTRO;Torres Vedras;;;;;;;
CENTRO;Torres Vedras;;;;;;;
CENTRO;Torres Vedras;;;;;;;
CENTRO;Torres Vedras;;;;;;;
CENTRO;Torres Vedras;;;;;;;
CENTRO;Torres Vedras;;;;;;;
CENTRO;Torres Vedras;;;;;;;
CENTRO;Torres Vedras;;;;;;;
CENTRO;Torres Vedras;;;;;;;
CENTRO;Torres Vedras;;;;;;;
CENTRO;Torres Vedras;;;;;;;
CENTRO;Torres Vedras;;;;;;;
CENTRO;Torres Vedras;;;;;;;
ÁREA METROPOLITANA DE LISBOA;Vila Franca de Xira;;;;;;;
ÁREA METROPOLITANA DE LISBOA;Vila Franca de Xira;;;;;;;
ÁREA METROPOLITANA DE LISBOA;Vila Franca de Xira;;;;;;;
ÁREA METROPOLITANA DE LISBOA;Vila Franca de Xira;;;;;;;
ÁREA METROPOLITANA DE LISBOA;Vila Franca de Xira;;;;;;;
ÁREA METROPOLITANA DE LISBOA;Vila Franca de Xira;;;;;;;
ÁREA METROPOLITANA DE LISBOA;Amadora;;;;;;;
ÁREA METROPOLITANA DE LISBOA;Amadora;;;;;;;
ÁREA METROPOLITANA DE LISBOA;Amadora;;;;;;;
ÁREA METROPOLITANA DE LISBOA;Amadora;;;;;;;
ÁREA METROPOLITANA DE LISBOA;Amadora;;;;;;;
ÁREA METROPOLITANA DE LISBOA;Amadora;;;;;;;
ÁREA METROPOLITANA DE LISBOA;Odivelas;;;;;;;
ÁREA METROPOLITANA DE LISBOA;Odivelas;;;;;;;
ÁREA METROPOLITANA DE LISBOA;Odivelas;;;;;;;
ÁREA METROPOLITANA DE LISBOA;Odivelas;;;;;;;
ALENTEJO;Alter do Chão;;;;;;;
ALENTEJO;Alter do Chão;;;;;;;
ALENTEJO;Alter do Chão;;;;;;;
ALENTEJO;Alter do Chão;;;;;;;
ALENTEJO;Arronches;;;;;;;
ALENTEJO;Arronches;;;;;;;
ALENTEJO;Arronches;;;;;;;
ALENTEJO;Avis;;;;;;;
ALENTEJO;Avis;;;;;;;
ALENTEJO;Avis;;;;;;;
ALENTEJO;Avis;;;;;;;
ALENTEJO;Avis;;;;;;;
ALENTEJO;Avis;;;;;;;
ALENTEJO;Campo Maior;;;;;;;
ALENTEJO;Campo Maior;;;;;;;
ALENTEJO;Campo Maior;;;;;;;
ALENTEJO;Castelo de Vide;;;;;;;
ALENTEJO;Castelo de Vide;;;;;;;
ALENTEJO;Castelo de Vide;;;;;;;
ALENTEJO;Castelo de Vide;;;;;;;
ALENTEJO;Crato;;;;;;;
ALENTEJO;Crato;;;;;;;
ALENTEJO;Crato;;;;;;;
ALENTEJO;Crato;;;;;;;
ALENTEJO;Elvas;;;;;;;
ALENTEJO;Elvas;;;;;;;
ALENTEJO;Elvas;;;;;;;
ALENTEJO;Elvas;;;;;;;
ALENTEJO;Elvas;;;;;;;
ALENTEJO;Elvas;;;;;;;
ALENTEJO;Elvas;;;;;;;
ALENTEJO;Fronteira;;;;;;;
ALENTEJO;Fronteira;;;;;;;
ALENTEJO;Fronteira;;;;;;;
ALENTEJO;Gavião;;;;;;;
ALENTEJO;Gavião;;;;;;;
ALENTEJO;Gavião;;;;;;;
ALENTEJO;Gavião;;;;;;;
ALENTEJO;Marvão;;;;;;;
ALENTEJO;Marvão;;;;;;;
ALENTEJO;Marvão;;;;;;;
ALENTEJO;Marvão;;;;;;;
ALENTEJO;Monforte;;;;;;;
ALENTEJO;Monforte;;;;;;;
ALENTEJO;Monforte;;;;;;;
ALENTEJO;Monforte;;;;;;;
ALENTEJO;Nisa;;;;;;;
ALENTEJO;Nisa;;;;;;;
ALENTEJO;Nisa;;;;;;;
ALENTEJO;Nisa;;;;;;;
ALENTEJO;Nisa;;;;;;;
ALENTEJO;Nisa;;;;;;;
ALENTEJO;Nisa;;;;;;;
ALENTEJO;Ponte de Sor;;;;;;;
ALENTEJO;Ponte de Sor;;;;;;;
ALENTEJO;Ponte de Sor;;;;;;;
ALENTEJO;Ponte de Sor;;;;;;;
ALENTEJO;Ponte de Sor;;;;;;;
ALENTEJO;Portalegre;;;;;;;
ALENTEJO;Portalegre;;;;;;;
ALENTEJO;Portalegre;;;;;;;
ALENTEJO;Portalegre;;;;;;;
ALENTEJO;Portalegre;;;;;;;
ALENTEJO;Portalegre;;;;;;;
ALENTEJO;Portalegre;;;;;;;
ALENTEJO;Sousel;;;;;;;
ALENTEJO;Sousel;;;;;;;
ALENTEJO;Sousel;;;;;;;
ALENTEJO;Sousel;;;;;;;
NORTE;Amarante;;;;;;;
NORTE;Amarante;;;;;;;
NORTE;Amarante;;;;;;;
NORTE;Amarante;;;;;;;
NORTE;Amarante;;;;;;;
NORTE;Amarante;;;;;;;
NORTE;Amarante;;;;;;;
NORTE;Amarante;;;;;;;
NORTE;Amarante;;;;;;;
NORTE;Amarante;;;;;;;
NORTE;Amarante;;;;;;;
NORTE;Amarante;;;;;;;
NORTE;Amarante;;;;;;;
NORTE;Amarante;;;;;;;
NORTE;Amarante;;;;;;;
NORTE;Amarante;;;;;;;
NORTE;Amarante;;;;;;;
NORTE;Amarante;;;;;;;
NORTE;Amarante;;;;;;;
NORTE;Amarante;;;;;;;
NORTE;Amarante;;;;;;;
NORTE;Amarante;;;;;;;
NORTE;Amarante;;;;;;;
NORTE;Amarante;;;;;;;
NORTE;Amarante;;;;;;;
NORTE;Amarante;;;;;;;
NORTE;Baião;;;;;;;
NORTE;Baião;;;;;;;
NORTE;Baião;;;;;;;
NORTE;Baião;;;;;;;
NORTE;Baião;;;;;;;
NORTE;Baião;;;;;;;
NORTE;Baião;;;;;;;
NORTE;Baião;;;;;;;
NORTE;Baião;;;;;;;
NORTE;Baião;;;;;;;
NORTE;Baião;;;;;;;
NORTE;Baião;;;;;;;
NORTE;Baião;;;;;;;
NORTE;Baião;;;;;;;
NORTE;Felgueiras;;;;;;;
NORTE;Felgueiras;;;;;;;
NORTE;Felgueiras;;;;;;;
NORTE;Felgueiras;;;;;;;
NORTE;Felgueiras;;;;;;;
NORTE;Felgueiras;;;;;;;
NORTE;Felgueiras;;;;;;;
NORTE;Felgueiras;;;;;;;
NORTE;Felgueiras;;;;;;;
NORTE;Felgueiras;;;;;;;
NORTE;Felgueiras;;;;;;;
NORTE;Felgueiras;;;;;;;
NORTE;Felgueiras;;;;;;;
NORTE;Felgueiras;;;;;;;
NORTE;Felgueiras;;;;;;;
NORTE;Felgueiras;;;;;;;
NORTE;Felgueiras;;;;;;;
NORTE;Felgueiras;;;;;;;
NORTE;Felgueiras;;;;;;;
NORTE;Felgueiras;;;;;;;
NORTE;Gondomar;;;;;;;
NORTE;Gondomar;;;;;;;
NORTE;Gondomar;;;;;;;
NORTE;Gondomar;;;;;;;
NORTE;Gondomar;;;;;;;
NORTE;Gondomar;;;;;;;
NORTE;Gondomar;;;;;;;
NORTE;Lousada;;;;;;;
NORTE;Lousada;;;;;;;
NORTE;Lousada;;;;;;;
NORTE;Lousada;;;;;;;
NORTE;Lousada;;;;;;;
NORTE;Lousada;;;;;;;
NORTE;Lousada;;;;;;;
NORTE;Lousada;;;;;;;
NORTE;Lousada;;;;;;;
NORTE;Lousada;;;;;;;
NORTE;Lousada;;;;;;;
NORTE;Lousada;;;;;;;
NORTE;Lousada;;;;;;;
NORTE;Lousada;;;;;;;
NORTE;Lousada;;;;;;;
NORTE;Maia;;;;;;;
NORTE;Maia;;;;;;;
NORTE;Maia;;;;;;;
NORTE;Maia;;;;;;;
NORTE;Maia;;;;;;;
NORTE;Maia;;;;;;;
NORTE;Maia;;;;;;;
NORTE;Maia;;;;;;;
NORTE;Maia;;;;;;;
NORTE;Maia;;;;;;;
NORTE;Marco de Canaveses;;;;;;;
NORTE;Marco de Canaveses;;;;;;;
NORTE;Marco de Canaveses;;;;;;;
NORTE;Marco de Canaveses;;;;;;;
NORTE;Marco de Canaveses;;;;;;;
NORTE;Marco de Canaveses;;;;;;;
NORTE;Marco de Canaveses;;;;;;;
NORTE;Marco de Canaveses;;;;;;;
NORTE;Marco de Canaveses;;;;;;;
NORTE;Marco de Canaveses;;;;;;;
NORTE;Marco de Canaveses;;;;;;;
NORTE;Marco de Canaveses;;;;;;;
NORTE;Marco de Canaveses;;;;;;;
NORTE;Marco de Canaveses;;;;;;;
NORTE;Marco de Canaveses;;;;;;;
NORTE;Marco de Canaveses;;;;;;;
NORTE;Matosinhos;;;;;;;
NORTE;Matosinhos;;;;;;;
NORTE;Matosinhos;;;;;;;
NORTE;Matosinhos;;;;;;;
NORTE;Paços de Ferreira;;;;;;;
NORTE;Paços de Ferreira;;;;;;;
NORTE;Paços de Ferreira;;;;;;;
NORTE;Paços de Ferreira;;;;;;;
NORTE;Paços de Ferreira;;;;;;;
NORTE;Paços de Ferreira;;;;;;;
NORTE;Paços de Ferreira;;;;;;;
NORTE;Paços de Ferreira;;;;;;;
NORTE;Paços de Ferreira;;;;;;;
NORTE;Paços de Ferreira;;;;;;;
NORTE;Paços de Ferreira;;;;;;;
NORTE;Paços de Ferreira;;;;;;;
NORTE;Paredes;;;;;;;
NORTE;Paredes;;;;;;;
NORTE;Paredes;;;;;;;
NORTE;Paredes;;;;;;;
NORTE;Paredes;;;;;;;
NORTE;Paredes;;;;;;;
NORTE;Paredes;;;;;;;
NORTE;Paredes;;;;;;;
NORTE;Paredes;;;;;;;
NORTE;Paredes;;;;;;;
NORTE;Paredes;;;;;;;
NORTE;Paredes;;;;;;;
NORTE;Paredes;;;;;;;
NORTE;Paredes;;;;;;;
NORTE;Paredes;;;;;;;
NORTE;Paredes;;;;;;;
NORTE;Paredes;;;;;;;
NORTE;Paredes;;;;;;;
NORTE;Penafiel;;;;;;;
NORTE;Penafiel;;;;;;;
NORTE;Penafiel;;;;;;;
NORTE;Penafiel;;;;;;;
NORTE;Penafiel;;;;;;;
NORTE;Penafiel;;;;;;;
NORTE;Penafiel;;;;;;;
NORTE;Penafiel;;;;;;;
NORTE;Penafiel;;;;;;;
NORTE;Penafiel;;;;;;;
NORTE;Penafiel;;;;;;;
NORTE;Penafiel;;;;;;;
NORTE;Penafiel;;;;;;;
NORTE;Penafiel;;;;;;;
NORTE;Penafiel;;;;;;;
NORTE;Penafiel;;;;;;;
NORTE;Penafiel;;;;;;;
NORTE;Penafiel;;;;;;;
NORTE;Penafiel;;;;;;;
NORTE;Penafiel;;;;;;;
NORTE;Penafiel;;;;;;;
NORTE;Penafiel;;;;;;;
NORTE;Penafiel;;;;;;;
NORTE;Penafiel;;;;;;;
NORTE;Penafiel;;;;;;;
NORTE;Penafiel;;;;;;;
NORTE;Penafiel;;;;;;;
NORTE;Penafiel;;;;;;;
NORTE;Porto;;;;;;;
NORTE;Porto;;;;;;;
NORTE;Porto;;;;;;;
NORTE;Porto;;;;;;;
NORTE;Porto;;;;;;;
NORTE;Porto;;;;;;;
NORTE;Porto;;;;;;;
NORTE;Póvoa de Varzim;;;;;;;
NORTE;Póvoa de Varzim;;;;;;;
NORTE;Póvoa de Varzim;;;;;;;
NORTE;Póvoa de Varzim;;;;;;;
NORTE;Póvoa de Varzim;;;;;;;
NORTE;Póvoa de Varzim;;;;;;;
NORTE;Póvoa de Varzim;;;;;;;
NORTE;Santo Tirso;;;;;;;
NORTE;Santo Tirso;;;;;;;
NORTE;Santo Tirso;;;;;;;
NORTE;Santo Tirso;;;;;;;
NORTE;Santo Tirso;;;;;;;
NORTE;Santo Tirso;;;;;;;
NORTE;Santo Tirso;;;;;;;
NORTE;Santo Tirso;;;;;;;
NORTE;Santo Tirso;;;;;;;
NORTE;Santo Tirso;;;;;;;
NORTE;Santo Tirso;;;;;;;
NORTE;Santo Tirso;;;;;;;
NORTE;Santo Tirso;;;;;;;
NORTE;Santo Tirso;;;;;;;
NORTE;Valongo;;;;;;;
NORTE;Valongo;;;;;;;
NORTE;Valongo;;;;;;;
NORTE;Valongo;;;;;;;
NORTE;Vila do Conde;;;;;;;
NORTE;Vila do Conde;;;;;;;
NORTE;Vila do Conde;;;;;;;
NORTE;Vila do Conde;;;;;;;
NORTE;Vila do Conde;;;;;;;
NORTE;Vila do Conde;;;;;;;
NORTE;Vila do Conde;;;;;;;
NORTE;Vila do Conde;;;;;;;
NORTE;Vila do Conde;;;;;;;
NORTE;Vila do Conde;;;;;;;
NORTE;Vila do Conde;;;;;;;
NORTE;Vila do Conde;;;;;;;
NORTE;Vila do Conde;;;;;;;
NORTE;Vila do Conde;;;;;;;
NORTE;Vila do Conde;;;;;;;
NORTE;Vila do Conde;;;;;;;
NORTE;Vila do Conde;;;;;;;
NORTE;Vila do Conde;;;;;;;
NORTE;Vila do Conde;;;;;;;
NORTE;Vila do Conde;;;;;;;
NORTE;Vila do Conde;;;;;;;
NORTE;Vila Nova de Gaia;;;;;;;
NORTE;Vila Nova de Gaia;;;;;;;
NORTE;Vila Nova de Gaia;;;;;;;
NORTE;Vila Nova de Gaia;;;;;;;
NORTE;Vila Nova de Gaia;;;;;;;
NORTE;Vila Nova de Gaia;;;;;;;
NORTE;Vila Nova de Gaia;;;;;;;
NORTE;Vila Nova de Gaia;;;;;;;
NORTE;Vila Nova de Gaia;;;;;;;
NORTE;Vila Nova de Gaia;;;;;;;
NORTE;Vila Nova de Gaia;;;;;;;
NORTE;Vila Nova de Gaia;;;;;;;
NORTE;Vila Nova de Gaia;;;;;;;
NORTE;Vila Nova de Gaia;;;;;;;
NORTE;Vila Nova de Gaia;;;;;;;
NORTE;Trofa;;;;;;;
NORTE;Trofa;;;;;;;
NORTE;Trofa;;;;;;;
NORTE;Trofa;;;;;;;
NORTE;Trofa;;;;;;;
CENTRO;Abrantes;;;;;;;
CENTRO;Abrantes;;;;;;;
CENTRO;Abrantes;;;;;;;
CENTRO;Abrantes;;;;;;;
CENTRO;Abrantes;;;;;;;
CENTRO;Abrantes;;;;;;;
CENTRO;Abrantes;;;;;;;
CENTRO;Abrantes;;;;;;;
CENTRO;Abrantes;;;;;;;
CENTRO;Abrantes;;;;;;;
CENTRO;Abrantes;;;;;;;
CENTRO;Abrantes;;;;;;;
CENTRO;Abrantes;;;;;;;
CENTRO;Alcanena;;;;;;;
CENTRO;Alcanena;;;;;;;
CENTRO;Alcanena;;;;;;;
CENTRO;Alcanena;;;;;;;
CENTRO;Alcanena;;;;;;;
CENTRO;Alcanena;;;;;;;
CENTRO;Alcanena;;;;;;;
ALENTEJO;Almeirim;;;;;;;
ALENTEJO;Almeirim;;;;;;;
ALENTEJO;Almeirim;;;;;;;
ALENTEJO;Almeirim;;;;;;;
ALENTEJO;Alpiarça;;;;;;;
ALENTEJO;Benavente;;;;;;;
ALENTEJO;Benavente;;;;;;;
ALENTEJO;Benavente;;;;;;;
ALENTEJO;Benavente;;;;;;;
ALENTEJO;Cartaxo;;;;;;;
ALENTEJO;Cartaxo;;;;;;;
ALENTEJO;Cartaxo;;;;;;;
ALENTEJO;Cartaxo;;;;;;;
ALENTEJO;Cartaxo;;;;;;;
ALENTEJO;Cartaxo;;;;;;;
ALENTEJO;Chamusca;;;;;;;
ALENTEJO;Chamusca;;;;;;;
ALENTEJO;Chamusca;;;;;;;
ALENTEJO;Chamusca;;;;;;;
ALENTEJO;Chamusca;;;;;;;
CENTRO;Constância;;;;;;;
CENTRO;Constância;;;;;;;
CENTRO;Constância;;;;;;;
ALENTEJO;Coruche;;;;;;;
ALENTEJO;Coruche;;;;;;;
ALENTEJO;Coruche;;;;;;;
ALENTEJO;Coruche;;;;;;;
ALENTEJO;Coruche;;;;;;;
ALENTEJO;Coruche;;;;;;;
CENTRO;Entroncamento;;;;;;;
CENTRO;Entroncamento;;;;;;;
CENTRO;Ferreira do Zêzere;;;;;;;
CENTRO;Ferreira do Zêzere;;;;;;;
CENTRO;Ferreira do Zêzere;;;;;;;
CENTRO;Ferreira do Zêzere;;;;;;;
CENTRO;Ferreira do Zêzere;;;;;;;
CENTRO;Ferreira do Zêzere;;;;;;;
CENTRO;Ferreira do Zêzere;;;;;;;
ALENTEJO;Golegã;;;;;;;
ALENTEJO;Golegã;;;;;;;
ALENTEJO;Golegã;;;;;;;
CENTRO;Mação;;;;;;;
CENTRO;Mação;;;;;;;
CENTRO;Mação;;;;;;;
CENTRO;Mação;;;;;;;
CENTRO;Mação;;;;;;;
CENTRO;Mação;;;;;;;
ALENTEJO;Rio Maior;;;;;;;
ALENTEJO;Rio Maior;;;;;;;
ALENTEJO;Rio Maior;;;;;;;
ALENTEJO;Rio Maior;;;;;;;
ALENTEJO;Rio Maior;;;;;;;
ALENTEJO;Rio Maior;;;;;;;
ALENTEJO;Rio Maior;;;;;;;
ALENTEJO;Rio Maior;;;;;;;
ALENTEJO;Rio Maior;;;;;;;
ALENTEJO;Rio Maior;;;;;;;
ALENTEJO;Salvaterra de Magos;;;;;;;
ALENTEJO;Salvaterra de Magos;;;;;;;
ALENTEJO;Salvaterra de Magos;;;;;;;
ALENTEJO;Salvaterra de Magos;;;;;;;
ALENTEJO;Santarém;;;;;;;
ALENTEJO;Santarém;;;;;;;
ALENTEJO;Santarém;;;;;;;
ALENTEJO;Santarém;;;;;;;
ALENTEJO;Santarém;;;;;;;
ALENTEJO;Santarém;;;;;;;
ALENTEJO;Santarém;;;;;;;
ALENTEJO;Santarém;;;;;;;
ALENTEJO;Santarém;;;;;;;
ALENTEJO;Santarém;;;;;;;
ALENTEJO;Santarém;;;;;;;
ALENTEJO;Santarém;;;;;;;
ALENTEJO;Santarém;;;;;;;
ALENTEJO;Santarém;;;;;;;
ALENTEJO;Santarém;;;;;;;
ALENTEJO;Santarém;;;;;;;
ALENTEJO;Santarém;;;;;;;
ALENTEJO;Santarém;;;;;;;
CENTRO;Sardoal;;;;;;;
CENTRO;Sardoal;;;;;;;
CENTRO;Sardoal;;;;;;;
CENTRO;Sardoal;;;;;;;
CENTRO;Tomar;;;;;;;
CENTRO;Tomar;;;;;;;
CENTRO;Tomar;;;;;;;
CENTRO;Tomar;;;;;;;
CENTRO;Tomar;;;;;;;
CENTRO;Tomar;;;;;;;
CENTRO;Tomar;;;;;;;
CENTRO;Tomar;;;;;;;
CENTRO;Tomar;;;;;;;
CENTRO;Tomar;;;;;;;
CENTRO;Tomar;;;;;;;
CENTRO;Torres Novas;;;;;;;
CENTRO;Torres Novas;;;;;;;
CENTRO;Torres Novas;;;;;;;
CENTRO;Torres Novas;;;;;;;
CENTRO;Torres Novas;;;;;;;
CENTRO;Torres Novas;;;;;;;
CENTRO;Torres Novas;;;;;;;
CENTRO;Torres Novas;;;;;;;
CENTRO;Torres Novas;;;;;;;
CENTRO;Torres Novas;;;;;;;
CENTRO;Vila Nova da Barquinha;;;;;;;
CENTRO;Vila Nova da Barquinha;;;;;;;
CENTRO;Vila Nova da Barquinha;;;;;;;
CENTRO;Vila Nova da Barquinha;;;;;;;
CENTRO;Ourém;;;;;;;
CENTRO;Ourém;;;;;;;
CENTRO;Ourém;;;;;;;
CENTRO;Ourém;;;;;;;
CENTRO;Ourém;;;;;;;
CENTRO;Ourém;;;;;;;
CENTRO;Ourém;;;;;;;
CENTRO;Ourém;;;;;;;
CENTRO;Ourém;;;;;;;
CENTRO;Ourém;;;;;;;
CENTRO;Ourém;;;;;;;
CENTRO;Ourém;;;;;;;
CENTRO;Ourém;;;;;;;
ALENTEJO;Alcácer do Sal;;;;;;;
ALENTEJO;Alcácer do Sal;;;;;;;
ALENTEJO;Alcácer do Sal;;;;;;;
ALENTEJO;Alcácer do Sal;;;;;;;
ÁREA METROPOLITANA DE LISBOA;Alcochete;;;;;;;
ÁREA METROPOLITANA DE LISBOA;Alcochete;;;;;;;
ÁREA METROPOLITANA DE LISBOA;Alcochete;;;;;;;
ÁREA METROPOLITANA DE LISBOA;Almada;;;;;;;
ÁREA METROPOLITANA DE LISBOA;Almada;;;;;;;
ÁREA METROPOLITANA DE LISBOA;Almada;;;;;;;
ÁREA METROPOLITANA DE LISBOA;Almada;;;;;;;
ÁREA METROPOLITANA DE LISBOA;Almada;;;;;;;
ÁREA METROPOLITANA DE LISBOA;Barreiro;;;;;;;
ÁREA METROPOLITANA DE LISBOA;Barreiro;;;;;;;
ÁREA METROPOLITANA DE LISBOA;Barreiro;;;;;;;
ÁREA METROPOLITANA DE LISBOA;Barreiro;;;;;;;
ALENTEJO;Grândola;;;;;;;
ALENTEJO;Grândola;;;;;;;
ALENTEJO;Grândola;;;;;;;
ALENTEJO;Grândola;;;;;;;
ÁREA METROPOLITANA DE LISBOA;Moita;;;;;;;
ÁREA METROPOLITANA DE LISBOA;Moita;;;;;;;
ÁREA METROPOLITANA DE LISBOA;Moita;;;;;;;
ÁREA METROPOLITANA DE LISBOA;Moita;;;;;;;
ÁREA METROPOLITANA DE LISBOA;Montijo;;;;;;;
ÁREA METROPOLITANA DE LISBOA;Montijo;;;;;;;
ÁREA METROPOLITANA DE LISBOA;Montijo;;;;;;;
ÁREA METROPOLITANA DE LISBOA;Montijo;;;;;;;
ÁREA METROPOLITANA DE LISBOA;Montijo;;;;;;;
ÁREA METROPOLITANA DE LISBOA;Palmela;;;;;;;
ÁREA METROPOLITANA DE LISBOA;Palmela;;;;;;;
ÁREA METROPOLITANA DE LISBOA;Palmela;;;;;;;
ÁREA METROPOLITANA DE LISBOA;Palmela;;;;;;;
ALENTEJO;Santiago do Cacém;;;;;;;
ALENTEJO;Santiago do Cacém;;;;;;;
ALENTEJO;Santiago do Cacém;;;;;;;
ALENTEJO;Santiago do Cacém;;;;;;;
ALENTEJO;Santiago do Cacém;;;;;;;
ALENTEJO;Santiago do Cacém;;;;;;;
ALENTEJO;Santiago do Cacém;;;;;;;
ALENTEJO;Santiago do Cacém;;;;;;;
ÁREA METROPOLITANA DE LISBOA;Seixal;;;;;;;
ÁREA METROPOLITANA DE LISBOA;Seixal;;;;;;;
ÁREA METROPOLITANA DE LISBOA;Seixal;;;;;;;
ÁREA METROPOLITANA DE LISBOA;Seixal;;;;;;;
ÁREA METROPOLITANA DE LISBOA;Sesimbra;;;;;;;
ÁREA METROPOLITANA DE LISBOA;Sesimbra;;;;;;;
ÁREA METROPOLITANA DE LISBOA;Sesimbra;;;;;;;
ÁREA METROPOLITANA DE LISBOA;Setúbal;;;;;;;
ÁREA METROPOLITANA DE LISBOA;Setúbal;;;;;;;
ÁREA METROPOLITANA DE LISBOA;Setúbal;;;;;;;
ÁREA METROPOLITANA DE LISBOA;Setúbal;;;;;;;
ÁREA METROPOLITANA DE LISBOA;Setúbal;;;;;;;
ALENTEJO;Sines;;;;;;;
ALENTEJO;Sines;;;;;;;
NORTE;Arcos de Valdevez;;;;;;;
NORTE;Arcos de Valdevez;;;;;;;
NORTE;Arcos de Valdevez;;;;;;;
NORTE;Arcos de Valdevez;;;;;;;
NORTE;Arcos de Valdevez;;;;;;;
NORTE;Arcos de Valdevez;;;;;;;
NORTE;Arcos de Valdevez;;;;;;;
NORTE;Arcos de Valdevez;;;;;;;
NORTE;Arcos de Valdevez;;;;;;;
NORTE;Arcos de Valdevez;;;;;;;
NORTE;Arcos de Valdevez;;;;;;;
NORTE;Arcos de Valdevez;;;;;;;
NORTE;Arcos de Valdevez;;;;;;;
NORTE;Arcos de Valdevez;;;;;;;
NORTE;Arcos de Valdevez;;;;;;;
NORTE;Arcos de Valdevez;;;;;;;
NORTE;Arcos de Valdevez;;;;;;;
NORTE;Arcos de Valdevez;;;;;;;
NORTE;Arcos de Valdevez;;;;;;;
NORTE;Arcos de Valdevez;;;;;;;
NORTE;Arcos de Valdevez;;;;;;;
NORTE;Arcos de Valdevez;;;;;;;
NORTE;Arcos de Valdevez;;;;;;;
NORTE;Arcos de Valdevez;;;;;;;
NORTE;Arcos de Valdevez;;;;;;;
NORTE;Arcos de Valdevez;;;;;;;
NORTE;Arcos de Valdevez;;;;;;;
NORTE;Arcos de Valdevez;;;;;;;
NORTE;Arcos de Valdevez;;;;;;;
NORTE;Arcos de Valdevez;;;;;;;
NORTE;Arcos de Valdevez;;;;;;;
NORTE;Arcos de Valdevez;;;;;;;
NORTE;Arcos de Valdevez;;;;;;;
NORTE;Arcos de Valdevez;;;;;;;
NORTE;Arcos de Valdevez;;;;;;;
NORTE;Arcos de Valdevez;;;;;;;
NORTE;Caminha;;;;;;;
NORTE;Caminha;;;;;;;
NORTE;Caminha;;;;;;;
NORTE;Caminha;;;;;;;
NORTE;Caminha;;;;;;;
NORTE;Caminha;;;;;;;
NORTE;Caminha;;;;;;;
NORTE;Caminha;;;;;;;
NORTE;Caminha;;;;;;;
NORTE;Caminha;;;;;;;
NORTE;Caminha;;;;;;;
NORTE;Caminha;;;;;;;
NORTE;Caminha;;;;;;;
NORTE;Caminha;;;;;;;
NORTE;Melgaço;;;;;;;
NORTE;Melgaço;;;;;;;
NORTE;Melgaço;;;;;;;
NORTE;Melgaço;;;;;;;
NORTE;Melgaço;;;;;;;
NORTE;Melgaço;;;;;;;
NORTE;Melgaço;;;;;;;
NORTE;Melgaço;;;;;;;
NORTE;Melgaço;;;;;;;
NORTE;Melgaço;;;;;;;
NORTE;Melgaço;;;;;;;
NORTE;Melgaço;;;;;;;
NORTE;Melgaço;;;;;;;
NORTE;Monção;;;;;;;
NORTE;Monção;;;;;;;
NORTE;Monção;;;;;;;
NORTE;Monção;;;;;;;
NORTE;Monção;;;;;;;
NORTE;Monção;;;;;;;
NORTE;Monção;;;;;;;
NORTE;Monção;;;;;;;
NORTE;Monção;;;;;;;
NORTE;Monção;;;;;;;
NORTE;Monção;;;;;;;
NORTE;Monção;;;;;;;
NORTE;Monção;;;;;;;
NORTE;Monção;;;;;;;
NORTE;Monção;;;;;;;
NORTE;Monção;;;;;;;
NORTE;Monção;;;;;;;
NORTE;Monção;;;;;;;
NORTE;Monção;;;;;;;
NORTE;Monção;;;;;;;
NORTE;Monção;;;;;;;
NORTE;Monção;;;;;;;
NORTE;Monção;;;;;;;
NORTE;Monção;;;;;;;
NORTE;Paredes de Coura;;;;;;;
NORTE;Paredes de Coura;;;;;;;
NORTE;Paredes de Coura;;;;;;;
NORTE;Paredes de Coura;;;;;;;
NORTE;Paredes de Coura;;;;;;;
NORTE;Paredes de Coura;;;;;;;
NORTE;Paredes de Coura;;;;;;;
NORTE;Paredes de Coura;;;;;;;
NORTE;Paredes de Coura;;;;;;;
NORTE;Paredes de Coura;;;;;;;
NORTE;Paredes de Coura;;;;;;;
NORTE;Paredes de Coura;;;;;;;
NORTE;Paredes de Coura;;;;;;;
NORTE;Paredes de Coura;;;;;;;
NORTE;Paredes de Coura;;;;;;;
NORTE;Paredes de Coura;;;;;;;
NORTE;Ponte da Barca;;;;;;;
NORTE;Ponte da Barca;;;;;;;
NORTE;Ponte da Barca;;;;;;;
NORTE;Ponte da Barca;;;;;;;
NORTE;Ponte da Barca;;;;;;;
NORTE;Ponte da Barca;;;;;;;
NORTE;Ponte da Barca;;;;;;;
NORTE;Ponte da Barca;;;;;;;
NORTE;Ponte da Barca;;;;;;;
NORTE;Ponte da Barca;;;;;;;
NORTE;Ponte da Barca;;;;;;;
NORTE;Ponte da Barca;;;;;;;
NORTE;Ponte da Barca;;;;;;;
NORTE;Ponte da Barca;;;;;;;
NORTE;Ponte da Barca;;;;;;;
NORTE;Ponte da Barca;;;;;;;
NORTE;Ponte da Barca;;;;;;;
NORTE;Ponte de Lima;;;;;;;
NORTE;Ponte de Lima;;;;;;;
NORTE;Ponte de Lima;;;;;;;
NORTE;Ponte de Lima;;;;;;;
NORTE;Ponte de Lima;;;;;;;
NORTE;Ponte de Lima;;;;;;;
NORTE;Ponte de Lima;;;;;;;
NORTE;Ponte de Lima;;;;;;;
NORTE;Ponte de Lima;;;;;;;
NORTE;Ponte de Lima;;;;;;;
NORTE;Ponte de Lima;;;;;;;
NORTE;Ponte de Lima;;;;;;;
NORTE;Ponte de Lima;;;;;;;
NORTE;Ponte de Lima;;;;;;;
NORTE;Ponte de Lima;;;;;;;
NORTE;Ponte de Lima;;;;;;;
NORTE;Ponte de Lima;;;;;;;
NORTE;Ponte de Lima;;;;;;;
NORTE;Ponte de Lima;;;;;;;
NORTE;Ponte de Lima;;;;;;;
NORTE;Ponte de Lima;;;;;;;
NORTE;Ponte de Lima;;;;;;;
NORTE;Ponte de Lima;;;;;;;
NORTE;Ponte de Lima;;;;;;;
NORTE;Ponte de Lima;;;;;;;
NORTE;Ponte de Lima;;;;;;;
NORTE;Ponte de Lima;;;;;;;
NORTE;Ponte de Lima;;;;;;;
NORTE;Ponte de Lima;;;;;;;
NORTE;Ponte de Lima;;;;;;;
NORTE;Ponte de Lima;;;;;;;
NORTE;Ponte de Lima;;;;;;;
NORTE;Ponte de Lima;;;;;;;
NORTE;Ponte de Lima;;;;;;;
NORTE;Ponte de Lima;;;;;;;
NORTE;Ponte de Lima;;;;;;;
NORTE;Ponte de Lima;;;;;;;
NORTE;Ponte de Lima;;;;;;;
NORTE;Ponte de Lima;;;;;;;
NORTE;Valença;;;;;;;
NORTE;Valença;;;;;;;
NORTE;Valença;;;;;;;
NORTE;Valença;;;;;;;
NORTE;Valença;;;;;;;
NORTE;Valença;;;;;;;
NORTE;Valença;;;;;;;
NORTE;Valença;;;;;;;
NORTE;Valença;;;;;;;
NORTE;Valença;;;;;;;
NORTE;Valença;;;;;;;
NORTE;Viana do Castelo;;;;;;;
NORTE;Viana do Castelo;;;;;;;
NORTE;Viana do Castelo;;;;;;;
NORTE;Viana do Castelo;;;;;;;
NORTE;Viana do Castelo;;;;;;;
NORTE;Viana do Castelo;;;;;;;
NORTE;Viana do Castelo;;;;;;;
NORTE;Viana do Castelo;;;;;;;
NORTE;Viana do Castelo;;;;;;;
NORTE;Viana do Castelo;;;;;;;
NORTE;Viana do Castelo;;;;;;;
NORTE;Viana do Castelo;;;;;;;
NORTE;Viana do Castelo;;;;;;;
NORTE;Viana do Castelo;;;;;;;
NORTE;Viana do Castelo;;;;;;;
NORTE;Viana do Castelo;;;;;;;
NORTE;Viana do Castelo;;;;;;;
NORTE;Viana do Castelo;;;;;;;
NORTE;Viana do Castelo;;;;;;;
NORTE;Viana do Castelo;;;;;;;
NORTE;Viana do Castelo;;;;;;;
NORTE;Viana do Castelo;;;;;;;
NORTE;Viana do Castelo;;;;;;;
NORTE;Viana do Castelo;;;;;;;
NORTE;Viana do Castelo;;;;;;;
NORTE;Viana do Castelo;;;;;;;
NORTE;Viana do Castelo;;;;;;;
NORTE;Vila Nova de Cerveira;;;;;;;
NORTE;Vila Nova de Cerveira;;;;;;;
NORTE;Vila Nova de Cerveira;;;;;;;
NORTE;Vila Nova de Cerveira;;;;;;;
NORTE;Vila Nova de Cerveira;;;;;;;
NORTE;Vila Nova de Cerveira;;;;;;;
NORTE;Vila Nova de Cerveira;;;;;;;
NORTE;Vila Nova de Cerveira;;;;;;;
NORTE;Vila Nova de Cerveira;;;;;;;
NORTE;Vila Nova de Cerveira;;;;;;;
NORTE;Vila Nova de Cerveira;;;;;;;
NORTE;Alijó;;;;;;;
NORTE;Alijó;;;;;;;
NORTE;Alijó;;;;;;;
NORTE;Alijó;;;;;;;
NORTE;Alijó;;;;;;;
NORTE;Alijó;;;;;;;
NORTE;Alijó;;;;;;;
NORTE;Alijó;;;;;;;
NORTE;Alijó;;;;;;;
NORTE;Alijó;;;;;;;
NORTE;Alijó;;;;;;;
NORTE;Alijó;;;;;;;
NORTE;Alijó;;;;;;;
NORTE;Alijó;;;;;;;
NORTE;Boticas;;;;;;;
NORTE;Boticas;;;;;;;
NORTE;Boticas;;;;;;;
NORTE;Boticas;;;;;;;
NORTE;Boticas;;;;;;;
NORTE;Boticas;;;;;;;
NORTE;Boticas;;;;;;;
NORTE;Boticas;;;;;;;
NORTE;Boticas;;;;;;;
NORTE;Boticas;;;;;;;
NORTE;Chaves;;;;;;;
NORTE;Chaves;;;;;;;
NORTE;Chaves;;;;;;;
NORTE;Chaves;;;;;;;
NORTE;Chaves;;;;;;;
NORTE;Chaves;;;;;;;
NORTE;Chaves;;;;;;;
NORTE;Chaves;;;;;;;
NORTE;Chaves;;;;;;;
NORTE;Chaves;;;;;;;
NORTE;Chaves;;;;;;;
NORTE;Chaves;;;;;;;
NORTE;Chaves;;;;;;;
NORTE;Chaves;;;;;;;
NORTE;Chaves;;;;;;;
NORTE;Chaves;;;;;;;
NORTE;Chaves;;;;;;;
NORTE;Chaves;;;;;;;
NORTE;Chaves;;;;;;;
NORTE;Chaves;;;;;;;
NORTE;Chaves;;;;;;;
NORTE;Chaves;;;;;;;
NORTE;Chaves;;;;;;;
NORTE;Chaves;;;;;;;
NORTE;Chaves;;;;;;;
NORTE;Chaves;;;;;;;
NORTE;Chaves;;;;;;;
NORTE;Chaves;;;;;;;
NORTE;Chaves;;;;;;;
NORTE;Chaves;;;;;;;
NORTE;Chaves;;;;;;;
NORTE;Chaves;;;;;;;
NORTE;Chaves;;;;;;;
NORTE;Chaves;;;;;;;
NORTE;Chaves;;;;;;;
NORTE;Chaves;;;;;;;
NORTE;Chaves;;;;;;;
NORTE;Chaves;;;;;;;
NORTE;Chaves;;;;;;;
NORTE;Mesão Frio;;;;;;;
NORTE;Mesão Frio;;;;;;;
NORTE;Mesão Frio;;;;;;;
NORTE;Mesão Frio;;;;;;;
NORTE;Mesão Frio;;;;;;;
NORTE;Mondim de Basto;;;;;;;
NORTE;Mondim de Basto;;;;;;;
NORTE;Mondim de Basto;;;;;;;
NORTE;Mondim de Basto;;;;;;;
NORTE;Mondim de Basto;;;;;;;
NORTE;Mondim de Basto;;;;;;;
NORTE;Montalegre;;;;;;;
NORTE;Montalegre;;;;;;;
NORTE;Montalegre;;;;;;;
NORTE;Montalegre;;;;;;;
NORTE;Montalegre;;;;;;;
NORTE;Montalegre;;;;;;;
NORTE;Montalegre;;;;;;;
NORTE;Montalegre;;;;;;;
NORTE;Montalegre;;;;;;;
NORTE;Montalegre;;;;;;;
NORTE;Montalegre;;;;;;;
NORTE;Montalegre;;;;;;;
NORTE;Montalegre;;;;;;;
NORTE;Montalegre;;;;;;;
NORTE;Montalegre;;;;;;;
NORTE;Montalegre;;;;;;;
NORTE;Montalegre;;;;;;;
NORTE;Montalegre;;;;;;;
NORTE;Montalegre;;;;;;;
NORTE;Montalegre;;;;;;;
NORTE;Montalegre;;;;;;;
NORTE;Montalegre;;;;;;;
NORTE;Montalegre;;;;;;;
NORTE;Montalegre;;;;;;;
NORTE;Montalegre;;;;;;;
NORTE;Murça;;;;;;;
NORTE;Murça;;;;;;;
NORTE;Murça;;;;;;;
NORTE;Murça;;;;;;;
NORTE;Murça;;;;;;;
NORTE;Murça;;;;;;;
NORTE;Murça;;;;;;;
NORTE;Peso da Régua;;;;;;;
NORTE;Peso da Régua;;;;;;;
NORTE;Peso da Régua;;;;;;;
NORTE;Peso da Régua;;;;;;;
NORTE;Peso da Régua;;;;;;;
NORTE;Peso da Régua;;;;;;;
NORTE;Peso da Régua;;;;;;;
NORTE;Peso da Régua;;;;;;;
NORTE;Ribeira de Pena;;;;;;;
NORTE;Ribeira de Pena;;;;;;;
NORTE;Ribeira de Pena;;;;;;;
NORTE;Ribeira de Pena;;;;;;;
NORTE;Ribeira de Pena;;;;;;;
NORTE;Sabrosa;;;;;;;
NORTE;Sabrosa;;;;;;;
NORTE;Sabrosa;;;;;;;
NORTE;Sabrosa;;;;;;;
NORTE;Sabrosa;;;;;;;
NORTE;Sabrosa;;;;;;;
NORTE;Sabrosa;;;;;;;
NORTE;Sabrosa;;;;;;;
NORTE;Sabrosa;;;;;;;
NORTE;Sabrosa;;;;;;;
NORTE;Sabrosa;;;;;;;
NORTE;Sabrosa;;;;;;;
NORTE;Santa Marta de Penaguião;;;;;;;
NORTE;Santa Marta de Penaguião;;;;;;;
NORTE;Santa Marta de Penaguião;;;;;;;
NORTE;Santa Marta de Penaguião;;;;;;;
NORTE;Santa Marta de Penaguião;;;;;;;
NORTE;Santa Marta de Penaguião;;;;;;;
NORTE;Santa Marta de Penaguião;;;;;;;
NORTE;Valpaços;;;;;;;
NORTE;Valpaços;;;;;;;
NORTE;Valpaços;;;;;;;
NORTE;Valpaços;;;;;;;
NORTE;Valpaços;;;;;;;
NORTE;Valpaços;;;;;;;
NORTE;Valpaços;;;;;;;
NORTE;Valpaços;;;;;;;
NORTE;Valpaços;;;;;;;
NORTE;Valpaços;;;;;;;
NORTE;Valpaços;;;;;;;
NORTE;Valpaços;;;;;;;
NORTE;Valpaços;;;;;;;
NORTE;Valpaços;;;;;;;
NORTE;Valpaços;;;;;;;
NORTE;Valpaços;;;;;;;
NORTE;Valpaços;;;;;;;
NORTE;Valpaços;;;;;;;
NORTE;Valpaços;;;;;;;
NORTE;Valpaços;;;;;;;
NORTE;Valpaços;;;;;;;
NORTE;Valpaços;;;;;;;
NORTE;Valpaços;;;;;;;
NORTE;Valpaços;;;;;;;
NORTE;Valpaços;;;;;;;
NORTE;Vila Pouca de Aguiar;;;;;;;
NORTE;Vila Pouca de Aguiar;;;;;;;
NORTE;Vila Pouca de Aguiar;;;;;;;
NORTE;Vila Pouca de Aguiar;;;;;;;
NORTE;Vila Pouca de Aguiar;;;;;;;
NORTE;Vila Pouca de Aguiar;;;;;;;
NORTE;Vila Pouca de Aguiar;;;;;;;
NORTE;Vila Pouca de Aguiar;;;;;;;
NORTE;Vila Pouca de Aguiar;;;;;;;
NORTE;Vila Pouca de Aguiar;;;;;;;
NORTE;Vila Pouca de Aguiar;;;;;;;
NORTE;Vila Pouca de Aguiar;;;;;;;
NORTE;Vila Pouca de Aguiar;;;;;;;
NORTE;Vila Pouca de Aguiar;;;;;;;
NORTE;Vila Real;;;;;;;
NORTE;Vila Real;;;;;;;
NORTE;Vila Real;;;;;;;
NORTE;Vila Real;;;;;;;
NORTE;Vila Real;;;;;;;
NORTE;Vila Real;;;;;;;
NORTE;Vila Real;;;;;;;
NORTE;Vila Real;;;;;;;
NORTE;Vila Real;;;;;;;
NORTE;Vila Real;;;;;;;
NORTE;Vila Real;;;;;;;
NORTE;Vila Real;;;;;;;
NORTE;Vila Real;;;;;;;
NORTE;Vila Real;;;;;;;
NORTE;Vila Real;;;;;;;
NORTE;Vila Real;;;;;;;
NORTE;Vila Real;;;;;;;
NORTE;Vila Real;;;;;;;
NORTE;Vila Real;;;;;;;
NORTE;Vila Real;;;;;;;
NORTE;Armamar;;;;;;;
NORTE;Armamar;;;;;;;
NORTE;Armamar;;;;;;;
NORTE;Armamar;;;;;;;
NORTE;Armamar;;;;;;;
NORTE;Armamar;;;;;;;
NORTE;Armamar;;;;;;;
NORTE;Armamar;;;;;;;
NORTE;Armamar;;;;;;;
NORTE;Armamar;;;;;;;
NORTE;Armamar;;;;;;;
NORTE;Armamar;;;;;;;
NORTE;Armamar;;;;;;;
NORTE;Armamar;;;;;;;
CENTRO;Carregal do Sal;;;;;;;
CENTRO;Carregal do Sal;;;;;;;
CENTRO;Carregal do Sal;;;;;;;
CENTRO;Carregal do Sal;;;;;;;
CENTRO;Carregal do Sal;;;;;;;
CENTRO;Castro Daire;;;;;;;
CENTRO;Castro Daire;;;;;;;
CENTRO;Castro Daire;;;;;;;
CENTRO;Castro Daire;;;;;;;
CENTRO;Castro Daire;;;;;;;
CENTRO;Castro Daire;;;;;;;
CENTRO;Castro Daire;;;;;;;
CENTRO;Castro Daire;;;;;;;
CENTRO;Castro Daire;;;;;;;
CENTRO;Castro Daire;;;;;;;
CENTRO;Castro Daire;;;;;;;
CENTRO;Castro Daire;;;;;;;
CENTRO;Castro Daire;;;;;;;
CENTRO;Castro Daire;;;;;;;
CENTRO;Castro Daire;;;;;;;
CENTRO;Castro Daire;;;;;;;
NORTE;Cinfães;;;;;;;
NORTE;Cinfães;;;;;;;
NORTE;Cinfães;;;;;;;
NORTE;Cinfães;;;;;;;
NORTE;Cinfães;;;;;;;
NORTE;Cinfães;;;;;;;
NORTE;Cinfães;;;;;;;
NORTE;Cinfães;;;;;;;
NORTE;Cinfães;;;;;;;
NORTE;Cinfães;;;;;;;
NORTE;Cinfães;;;;;;;
NORTE;Cinfães;;;;;;;
NORTE;Cinfães;;;;;;;
NORTE;Cinfães;;;;;;;
NORTE;Lamego;;;;;;;
NORTE;Lamego;;;;;;;
NORTE;Lamego;;;;;;;
NORTE;Lamego;;;;;;;
NORTE;Lamego;;;;;;;
NORTE;Lamego;;;;;;;
NORTE;Lamego;;;;;;;
NORTE;Lamego;;;;;;;
NORTE;Lamego;;;;;;;
NORTE;Lamego;;;;;;;
NORTE;Lamego;;;;;;;
NORTE;Lamego;;;;;;;
NORTE;Lamego;;;;;;;
NORTE;Lamego;;;;;;;
NORTE;Lamego;;;;;;;
NORTE;Lamego;;;;;;;
NORTE;Lamego;;;;;;;
NORTE;Lamego;;;;;;;
CENTRO;Mangualde;;;;;;;
CENTRO;Mangualde;;;;;;;
CENTRO;Mangualde;;;;;;;
CENTRO;Mangualde;;;;;;;
CENTRO;Mangualde;;;;;;;
CENTRO;Mangualde;;;;;;;
CENTRO;Mangualde;;;;;;;
CENTRO;Mangualde;;;;;;;
CENTRO;Mangualde;;;;;;;
CENTRO;Mangualde;;;;;;;
CENTRO;Mangualde;;;;;;;
CENTRO;Mangualde;;;;;;;
NORTE;Moimenta da Beira;;;;;;;
NORTE;Moimenta da Beira;;;;;;;
NORTE;Moimenta da Beira;;;;;;;
NORTE;Moimenta da Beira;;;;;;;
NORTE;Moimenta da Beira;;;;;;;
NORTE;Moimenta da Beira;;;;;;;
NORTE;Moimenta da Beira;;;;;;;
NORTE;Moimenta da Beira;;;;;;;
NORTE;Moimenta da Beira;;;;;;;
NORTE;Moimenta da Beira;;;;;;;
NORTE;Moimenta da Beira;;;;;;;
NORTE;Moimenta da Beira;;;;;;;
NORTE;Moimenta da Beira;;;;;;;
NORTE;Moimenta da Beira;;;;;;;
NORTE;Moimenta da Beira;;;;;;;
NORTE;Moimenta da Beira;;;;;;;
CENTRO;Mortágua;;;;;;;
CENTRO;Mortágua;;;;;;;
CENTRO;Mortágua;;;;;;;
CENTRO;Mortágua;;;;;;;
CENTRO;Mortágua;;;;;;;
CENTRO;Mortágua;;;;;;;
CENTRO;Mortágua;;;;;;;
CENTRO;Nelas;;;;;;;
CENTRO;Nelas;;;;;;;
CENTRO;Nelas;;;;;;;
CENTRO;Nelas;;;;;;;
CENTRO;Nelas;;;;;;;
CENTRO;Nelas;;;;;;;
CENTRO;Nelas;;;;;;;
CENTRO;Oliveira de Frades;;;;;;;
CENTRO;Oliveira de Frades;;;;;;;
CENTRO;Oliveira de Frades;;;;;;;
CENTRO;Oliveira de Frades;;;;;;;
CENTRO;Oliveira de Frades;;;;;;;
CENTRO;Oliveira de Frades;;;;;;;
CENTRO;Oliveira de Frades;;;;;;;
CENTRO;Oliveira de Frades;;;;;;;
CENTRO;Penalva do Castelo;;;;;;;
CENTRO;Penalva do Castelo;;;;;;;
CENTRO;Penalva do Castelo;;;;;;;
CENTRO;Penalva do Castelo;;;;;;;
CENTRO;Penalva do Castelo;;;;;;;
CENTRO;Penalva do Castelo;;;;;;;
CENTRO;Penalva do Castelo;;;;;;;
CENTRO;Penalva do Castelo;;;;;;;
CENTRO;Penalva do Castelo;;;;;;;
CENTRO;Penalva do Castelo;;;;;;;
CENTRO;Penalva do Castelo;;;;;;;
NORTE;Penedono;;;;;;;
NORTE;Penedono;;;;;;;
NORTE;Penedono;;;;;;;
NORTE;Penedono;;;;;;;
NORTE;Penedono;;;;;;;
NORTE;Penedono;;;;;;;
NORTE;Penedono;;;;;;;
NORTE;Resende;;;;;;;
NORTE;Resende;;;;;;;
NORTE;Resende;;;;;;;
NORTE;Resende;;;;;;;
NORTE;Resende;;;;;;;
NORTE;Resende;;;;;;;
NORTE;Resende;;;;;;;
NORTE;Resende;;;;;;;
NORTE;Resende;;;;;;;
NORTE;Resende;;;;;;;
NORTE;Resende;;;;;;;
CENTRO;Santa Comba Dão;;;;;;;
CENTRO;Santa Comba Dão;;;;;;;
CENTRO;Santa Comba Dão;;;;;;;
CENTRO;Santa Comba Dão;;;;;;;
CENTRO;Santa Comba Dão;;;;;;;
CENTRO;Santa Comba Dão;;;;;;;
NORTE;São João da Pesqueira;;;;;;;
NORTE;São João da Pesqueira;;;;;;;
NORTE;São João da Pesqueira;;;;;;;
NORTE;São João da Pesqueira;;;;;;;
NORTE;São João da Pesqueira;;;;;;;
NORTE;São João da Pesqueira;;;;;;;
NORTE;São João da Pesqueira;;;;;;;
NORTE;São João da Pesqueira;;;;;;;
NORTE;São João da Pesqueira;;;;;;;
NORTE;São João da Pesqueira;;;;;;;
NORTE;São João da Pesqueira;;;;;;;
CENTRO;São Pedro do Sul;;;;;;;
CENTRO;São Pedro do Sul;;;;;;;
CENTRO;São Pedro do Sul;;;;;;;
CENTRO;São Pedro do Sul;;;;;;;
CENTRO;São Pedro do Sul;;;;;;;
CENTRO;São Pedro do Sul;;;;;;;
CENTRO;São Pedro do Sul;;;;;;;
CENTRO;São Pedro do Sul;;;;;;;
CENTRO;São Pedro do Sul;;;;;;;
CENTRO;São Pedro do Sul;;;;;;;
CENTRO;São Pedro do Sul;;;;;;;
CENTRO;São Pedro do Sul;;;;;;;
CENTRO;São Pedro do Sul;;;;;;;
CENTRO;São Pedro do Sul;;;;;;;
CENTRO;Sátão;;;;;;;
CENTRO;Sátão;;;;;;;
CENTRO;Sátão;;;;;;;
CENTRO;Sátão;;;;;;;
CENTRO;Sátão;;;;;;;
CENTRO;Sátão;;;;;;;
CENTRO;Sátão;;;;;;;
CENTRO;Sátão;;;;;;;
CENTRO;Sátão;;;;;;;
NORTE;Sernancelhe;;;;;;;
NORTE;Sernancelhe;;;;;;;
NORTE;Sernancelhe;;;;;;;
NORTE;Sernancelhe;;;;;;;
NORTE;Sernancelhe;;;;;;;
NORTE;Sernancelhe;;;;;;;
NORTE;Sernancelhe;;;;;;;
NORTE;Sernancelhe;;;;;;;
NORTE;Sernancelhe;;;;;;;
NORTE;Sernancelhe;;;;;;;
NORTE;Sernancelhe;;;;;;;
NORTE;Sernancelhe;;;;;;;
NORTE;Sernancelhe;;;;;;;
NORTE;Tabuaço;;;;;;;
NORTE;Tabuaço;;;;;;;
NORTE;Tabuaço;;;;;;;
NORTE;Tabuaço;;;;;;;
NORTE;Tabuaço;;;;;;;
NORTE;Tabuaço;;;;;;;
NORTE;Tabuaço;;;;;;;
NORTE;Tabuaço;;;;;;;
NORTE;Tabuaço;;;;;;;
NORTE;Tabuaço;;;;;;;
NORTE;Tabuaço;;;;;;;
NORTE;Tabuaço;;;;;;;
NORTE;Tabuaço;;;;;;;
NORTE;Tarouca;;;;;;;
NORTE;Tarouca;;;;;;;
NORTE;Tarouca;;;;;;;
NORTE;Tarouca;;;;;;;
NORTE;Tarouca;;;;;;;
NORTE;Tarouca;;;;;;;
NORTE;Tarouca;;;;;;;
CENTRO;Tondela;;;;;;;
CENTRO;Tondela;;;;;;;
CENTRO;Tondela;;;;;;;
CENTRO;Tondela;;;;;;;
CENTRO;Tondela;;;;;;;
CENTRO;Tondela;;;;;;;
CENTRO;Tondela;;;;;;;
CENTRO;Tondela;;;;;;;
CENTRO;Tondela;;;;;;;
CENTRO;Tondela;;;;;;;
CENTRO;Tondela;;;;;;;
CENTRO;Tondela;;;;;;;
CENTRO;Tondela;;;;;;;
CENTRO;Tondela;;;;;;;
CENTRO;Tondela;;;;;;;
CENTRO;Tondela;;;;;;;
CENTRO;Tondela;;;;;;;
CENTRO;Tondela;;;;;;;
CENTRO;Tondela;;;;;;;
CENTRO;Vila Nova de Paiva;;;;;;;
CENTRO;Vila Nova de Paiva;;;;;;;
CENTRO;Vila Nova de Paiva;;;;;;;
CENTRO;Vila Nova de Paiva;;;;;;;
CENTRO;Vila Nova de Paiva;;;;;;;
CENTRO;Viseu;;;;;;;
CENTRO;Viseu;;;;;;;
CENTRO;Viseu;;;;;;;
CENTRO;Viseu;;;;;;;
CENTRO;Viseu;;;;;;;
CENTRO;Viseu;;;;;;;
CENTRO;Viseu;;;;;;;
CENTRO;Viseu;;;;;;;
CENTRO;Viseu;;;;;;;
CENTRO;Viseu;;;;;;;
CENTRO;Viseu;;;;;;;
CENTRO;Viseu;;;;;;;
CENTRO;Viseu;;;;;;;
CENTRO;Viseu;;;;;;;
CENTRO;Viseu;;;;;;;
CENTRO;Viseu;;;;;;;
CENTRO;Viseu;;;;;;;
CENTRO;Viseu;;;;;;;
CENTRO;Viseu;;;;;;;
CENTRO;Viseu;;;;;;;
CENTRO;Viseu;;;;;;;
CENTRO;Viseu;;;;;;;
CENTRO;Viseu;;;;;;;
CENTRO;Viseu;;;;;;;
CENTRO;Viseu;;;;;;;
CENTRO;Vouzela;;;;;;;
CENTRO;Vouzela;;;;;;;
CENTRO;Vouzela;;;;;;;
CENTRO;Vouzela;;;;;;;
CENTRO;Vouzela;;;;;;;
CENTRO;Vouzela;;;;;;;
CENTRO;Vouzela;;;;;;;
CENTRO;Vouzela;;;;;;;
CENTRO;Vouzela;;;;;;;
REGIÃO AUTÓNOMA DA MADEIRA;CALHETA;;;;;;;
REGIÃO AUTÓNOMA DA MADEIRA;CALHETA;;;;;;;
REGIÃO AUTÓNOMA DA MADEIRA;CALHETA;;;;;;;
REGIÃO AUTÓNOMA DA MADEIRA;CALHETA;;;;;;;
REGIÃO AUTÓNOMA DA MADEIRA;CALHETA;;;;;;;
REGIÃO AUTÓNOMA DA MADEIRA;CALHETA;;;;;;;
REGIÃO AUTÓNOMA DA MADEIRA;CALHETA;;;;;;;
REGIÃO AUTÓNOMA DA MADEIRA;CALHETA;;;;;;;
REGIÃO AUTÓNOMA DA MADEIRA;CÂMARA DE LOBOS;;;;;;;
REGIÃO AUTÓNOMA DA MADEIRA;CÂMARA DE LOBOS;;;;;;;
REGIÃO AUTÓNOMA DA MADEIRA;CÂMARA DE LOBOS;;;;;;;
REGIÃO AUTÓNOMA DA MADEIRA;CÂMARA DE LOBOS;;;;;;;
REGIÃO AUTÓNOMA DA MADEIRA;CÂMARA DE LOBOS;;;;;;;
REGIÃO AUTÓNOMA DA MADEIRA;FUNCHAL;;;;;;;
REGIÃO AUTÓNOMA DA MADEIRA;FUNCHAL;;;;;;;
REGIÃO AUTÓNOMA DA MADEIRA;FUNCHAL;;;;;;;
REGIÃO AUTÓNOMA DA MADEIRA;FUNCHAL;;;;;;;
REGIÃO AUTÓNOMA DA MADEIRA;FUNCHAL;;;;;;;
REGIÃO AUTÓNOMA DA MADEIRA;FUNCHAL;;;;;;;
REGIÃO AUTÓNOMA DA MADEIRA;FUNCHAL;;;;;;;
REGIÃO AUTÓNOMA DA MADEIRA;FUNCHAL;;;;;;;
REGIÃO AUTÓNOMA DA MADEIRA;FUNCHAL;;;;;;;
REGIÃO AUTÓNOMA DA MADEIRA;FUNCHAL;;;;;;;
REGIÃO AUTÓNOMA DA MADEIRA;MACHICO;;;;;;;
REGIÃO AUTÓNOMA DA MADEIRA;MACHICO;;;;;;;
REGIÃO AUTÓNOMA DA MADEIRA;MACHICO;;;;;;;
REGIÃO AUTÓNOMA DA MADEIRA;MACHICO;;;;;;;
REGIÃO AUTÓNOMA DA MADEIRA;MACHICO;;;;;;;
REGIÃO AUTÓNOMA DA MADEIRA;PONTA DO SOL;;;;;;;
REGIÃO AUTÓNOMA DA MADEIRA;PONTA DO SOL;;;;;;;
REGIÃO AUTÓNOMA DA MADEIRA;PONTA DO SOL;;;;;;;
REGIÃO AUTÓNOMA DA MADEIRA;PORTO MONIZ;;;;;;;
REGIÃO AUTÓNOMA DA MADEIRA;PORTO MONIZ;;;;;;;
REGIÃO AUTÓNOMA DA MADEIRA;PORTO MONIZ;;;;;;;
REGIÃO AUTÓNOMA DA MADEIRA;PORTO MONIZ;;;;;;;
REGIÃO AUTÓNOMA DA MADEIRA;RIBEIRA BRAVA;;;;;;;
REGIÃO AUTÓNOMA DA MADEIRA;RIBEIRA BRAVA;;;;;;;
REGIÃO AUTÓNOMA DA MADEIRA;RIBEIRA BRAVA;;;;;;;
REGIÃO AUTÓNOMA DA MADEIRA;RIBEIRA BRAVA;;;;;;;
REGIÃO AUTÓNOMA DA MADEIRA;SANTA CRUZ;;;;;;;
REGIÃO AUTÓNOMA DA MADEIRA;SANTA CRUZ;;;;;;;
REGIÃO AUTÓNOMA DA MADEIRA;SANTA CRUZ;;;;;;;
REGIÃO AUTÓNOMA DA MADEIRA;SANTA CRUZ;;;;;;;
REGIÃO AUTÓNOMA DA MADEIRA;SANTA CRUZ;;;;;;;
REGIÃO AUTÓNOMA DA MADEIRA;SANTANA;;;;;;;
REGIÃO AUTÓNOMA DA MADEIRA;SANTANA;;;;;;;
REGIÃO AUTÓNOMA DA MADEIRA;SANTANA;;;;;;;
REGIÃO AUTÓNOMA DA MADEIRA;SANTANA;;;;;;;
REGIÃO AUTÓNOMA DA MADEIRA;SANTANA;;;;;;;
REGIÃO AUTÓNOMA DA MADEIRA;SANTANA;;;;;;;
REGIÃO AUTÓNOMA DA MADEIRA;SÃO VICENTE;;;;;;;
REGIÃO AUTÓNOMA DA MADEIRA;SÃO VICENTE;;;;;;;
REGIÃO AUTÓNOMA DA MADEIRA;SÃO VICENTE;;;;;;;
REGIÃO AUTÓNOMA DA MADEIRA;PORTO SANTO;;;;;;;
REGIÃO AUTÓNOMA DOS AÇORES;VILA DO PORTO;;;;;;;
REGIÃO AUTÓNOMA DOS AÇORES;VILA DO PORTO;;;;;;;
REGIÃO AUTÓNOMA DOS AÇORES;VILA DO PORTO;;;;;;;
REGIÃO AUTÓNOMA DOS AÇORES;VILA DO PORTO;;;;;;;
REGIÃO AUTÓNOMA DOS AÇORES;VILA DO PORTO;;;;;;;
REGIÃO AUTÓNOMA DOS AÇORES;LAGOA;;;;;;;
REGIÃO AUTÓNOMA DOS AÇORES;LAGOA;;;;;;;
REGIÃO AUTÓNOMA DOS AÇORES;LAGOA;;;;;;;
REGIÃO AUTÓNOMA DOS AÇORES;LAGOA;;;;;;;
REGIÃO AUTÓNOMA DOS AÇORES;LAGOA;;;;;;;
REGIÃO AUTÓNOMA DOS AÇORES;NORDESTE;;;;;;;
REGIÃO AUTÓNOMA DOS AÇORES;NORDESTE;;;;;;;
REGIÃO AUTÓNOMA DOS AÇORES;NORDESTE;;;;;;;
REGIÃO AUTÓNOMA DOS AÇORES;NORDESTE;;;;;;;
REGIÃO AUTÓNOMA DOS AÇORES;NORDESTE;;;;;;;
REGIÃO AUTÓNOMA DOS AÇORES;NORDESTE;;;;;;;
REGIÃO AUTÓNOMA DOS AÇORES;NORDESTE;;;;;;;
REGIÃO AUTÓNOMA DOS AÇORES;NORDESTE;;;;;;;
REGIÃO AUTÓNOMA DOS AÇORES;NORDESTE;;;;;;;
REGIÃO AUTÓNOMA DOS AÇORES;PONTA DELGADA;;;;;;;
REGIÃO AUTÓNOMA DOS AÇORES;PONTA DELGADA;;;;;;;
REGIÃO AUTÓNOMA DOS AÇORES;PONTA DELGADA;;;;;;;
REGIÃO AUTÓNOMA DOS AÇORES;PONTA DELGADA;;;;;;;
REGIÃO AUTÓNOMA DOS AÇORES;PONTA DELGADA;;;;;;;
REGIÃO AUTÓNOMA DOS AÇORES;PONTA DELGADA;;;;;;;
REGIÃO AUTÓNOMA DOS AÇORES;PONTA DELGADA;;;;;;;
REGIÃO AUTÓNOMA DOS AÇORES;PONTA DELGADA;;;;;;;
REGIÃO AUTÓNOMA DOS AÇORES;PONTA DELGADA;;;;;;;
REGIÃO AUTÓNOMA DOS AÇORES;PONTA DELGADA;;;;;;;
REGIÃO AUTÓNOMA DOS AÇORES;PONTA DELGADA;;;;;;;
REGIÃO AUTÓNOMA DOS AÇORES;PONTA DELGADA;;;;;;;
REGIÃO AUTÓNOMA DOS AÇORES;PONTA DELGADA;;;;;;;
REGIÃO AUTÓNOMA DOS AÇORES;PONTA DELGADA;;;;;;;
REGIÃO AUTÓNOMA DOS AÇORES;PONTA DELGADA;;;;;;;
REGIÃO AUTÓNOMA DOS AÇORES;PONTA DELGADA;;;;;;;
REGIÃO AUTÓNOMA DOS AÇORES;PONTA DELGADA;;;;;;;
REGIÃO AUTÓNOMA DOS AÇORES;PONTA DELGADA;;;;;;;
REGIÃO AUTÓNOMA DOS AÇORES;PONTA DELGADA;;;;;;;
REGIÃO AUTÓNOMA DOS AÇORES;PONTA DELGADA;;;;;;;
REGIÃO AUTÓNOMA DOS AÇORES;PONTA DELGADA;;;;;;;
REGIÃO AUTÓNOMA DOS AÇORES;PONTA DELGADA;;;;;;;
REGIÃO AUTÓNOMA DOS AÇORES;PONTA DELGADA;;;;;;;
REGIÃO AUTÓNOMA DOS AÇORES;PONTA DELGADA;;;;;;;
REGIÃO AUTÓNOMA DOS AÇORES;POVOAÇÃO;;;;;;;
REGIÃO AUTÓNOMA DOS AÇORES;POVOAÇÃO;;;;;;;
REGIÃO AUTÓNOMA DOS AÇORES;POVOAÇÃO;;;;;;;
REGIÃO AUTÓNOMA DOS AÇORES;POVOAÇÃO;;;;;;;
REGIÃO AUTÓNOMA DOS AÇORES;POVOAÇÃO;;;;;;;
REGIÃO AUTÓNOMA DOS AÇORES;POVOAÇÃO;;;;;;;
REGIÃO AUTÓNOMA DOS AÇORES;RIBEIRA GRANDE;;;;;;;
REGIÃO AUTÓNOMA DOS AÇORES;RIBEIRA GRANDE;;;;;;;
REGIÃO AUTÓNOMA DOS AÇORES;RIBEIRA GRANDE;;;;;;;
REGIÃO AUTÓNOMA DOS AÇORES;RIBEIRA GRANDE;;;;;;;
REGIÃO AUTÓNOMA DOS AÇORES;RIBEIRA GRANDE;;;;;;;
REGIÃO AUTÓNOMA DOS AÇORES;RIBEIRA GRANDE;;;;;;;
REGIÃO AUTÓNOMA DOS AÇORES;RIBEIRA GRANDE;;;;;;;
REGIÃO AUTÓNOMA DOS AÇORES;RIBEIRA GRANDE;;;;;;;
REGIÃO AUTÓNOMA DOS AÇORES;RIBEIRA GRANDE;;;;;;;
REGIÃO AUTÓNOMA DOS AÇORES;RIBEIRA GRANDE;;;;;;;
REGIÃO AUTÓNOMA DOS AÇORES;RIBEIRA GRANDE;;;;;;;
REGIÃO AUTÓNOMA DOS AÇORES;RIBEIRA GRANDE;;;;;;;
REGIÃO AUTÓNOMA DOS AÇORES;RIBEIRA GRANDE;;;;;;;
REGIÃO AUTÓNOMA DOS AÇORES;RIBEIRA GRANDE;;;;;;;
REGIÃO AUTÓNOMA DOS AÇORES;VILA FRANCA DO CAMPO;;;;;;;
REGIÃO AUTÓNOMA DOS AÇORES;VILA FRANCA DO CAMPO;;;;;;;
REGIÃO AUTÓNOMA DOS AÇORES;VILA FRANCA DO CAMPO;;;;;;;
REGIÃO AUTÓNOMA DOS AÇORES;VILA FRANCA DO CAMPO;;;;;;;
REGIÃO AUTÓNOMA DOS AÇORES;VILA FRANCA DO CAMPO;;;;;;;
REGIÃO AUTÓNOMA DOS AÇORES;VILA FRANCA DO CAMPO;;;;;;;
REGIÃO AUTÓNOMA DOS AÇORES;ANGRA DO HEROÍSMO;;;;;;;
REGIÃO AUTÓNOMA DOS AÇORES;ANGRA DO HEROÍSMO;;;;;;;
REGIÃO AUTÓNOMA DOS AÇORES;ANGRA DO HEROÍSMO;;;;;;;
REGIÃO AUTÓNOMA DOS AÇORES;ANGRA DO HEROÍSMO;;;;;;;
REGIÃO AUTÓNOMA DOS AÇORES;ANGRA DO HEROÍSMO;;;;;;;
REGIÃO AUTÓNOMA DOS AÇORES;ANGRA DO HEROÍSMO;;;;;;;
REGIÃO AUTÓNOMA DOS AÇORES;ANGRA DO HEROÍSMO;;;;;;;
REGIÃO AUTÓNOMA DOS AÇORES;ANGRA DO HEROÍSMO;;;;;;;
REGIÃO AUTÓNOMA DOS AÇORES;ANGRA DO HEROÍSMO;;;;;;;
REGIÃO AUTÓNOMA DOS AÇORES;ANGRA DO HEROÍSMO;;;;;;;
REGIÃO AUTÓNOMA DOS AÇORES;ANGRA DO HEROÍSMO;;;;;;;
REGIÃO AUTÓNOMA DOS AÇORES;ANGRA DO HEROÍSMO;;;;;;;
REGIÃO AUTÓNOMA DOS AÇORES;ANGRA DO HEROÍSMO;;;;;;;
REGIÃO AUTÓNOMA DOS AÇORES;ANGRA DO HEROÍSMO;;;;;;;
REGIÃO AUTÓNOMA DOS AÇORES;ANGRA DO HEROÍSMO;;;;;;;
REGIÃO AUTÓNOMA DOS AÇORES;ANGRA DO HEROÍSMO;;;;;;;
REGIÃO AUTÓNOMA DOS AÇORES;ANGRA DO HEROÍSMO;;;;;;;
REGIÃO AUTÓNOMA DOS AÇORES;ANGRA DO HEROÍSMO;;;;;;;
REGIÃO AUTÓNOMA DOS AÇORES;ANGRA DO HEROÍSMO;;;;;;;
REGIÃO AUTÓNOMA DOS AÇORES;PRAIA DA VITÓRIA;;;;;;;
REGIÃO AUTÓNOMA DOS AÇORES;PRAIA DA VITÓRIA;;;;;;;
REGIÃO AUTÓNOMA DOS AÇORES;PRAIA DA VITÓRIA;;;;;;;
REGIÃO AUTÓNOMA DOS AÇORES;PRAIA DA VITÓRIA;;;;;;;
REGIÃO AUTÓNOMA DOS AÇORES;PRAIA DA VITÓRIA;;;;;;;
REGIÃO AUTÓNOMA DOS AÇORES;PRAIA DA VITÓRIA;;;;;;;
REGIÃO AUTÓNOMA DOS AÇORES;PRAIA DA VITÓRIA;;;;;;;
REGIÃO AUTÓNOMA DOS AÇORES;PRAIA DA VITÓRIA;;;;;;;
REGIÃO AUTÓNOMA DOS AÇORES;PRAIA DA VITÓRIA;;;;;;;
REGIÃO AUTÓNOMA DOS AÇORES;PRAIA DA VITÓRIA;;;;;;;
REGIÃO AUTÓNOMA DOS AÇORES;PRAIA DA VITÓRIA;;;;;;;
REGIÃO AUTÓNOMA DOS AÇORES;SANTA CRUZ DA GRACIOSA;;;;;;;
REGIÃO AUTÓNOMA DOS AÇORES;SANTA CRUZ DA GRACIOSA;;;;;;;
REGIÃO AUTÓNOMA DOS AÇORES;SANTA CRUZ DA GRACIOSA;;;;;;;
REGIÃO AUTÓNOMA DOS AÇORES;SANTA CRUZ DA GRACIOSA;;;;;;;
REGIÃO AUTÓNOMA DOS AÇORES;CALHETA DE SÃO JORGE;;;;;;;
REGIÃO AUTÓNOMA DOS AÇORES;CALHETA DE SÃO JORGE;;;;;;;
REGIÃO AUTÓNOMA DOS AÇORES;CALHETA DE SÃO JORGE;;;;;;;
REGIÃO AUTÓNOMA DOS AÇORES;CALHETA DE SÃO JORGE;;;;;;;
REGIÃO AUTÓNOMA DOS AÇORES;CALHETA DE SÃO JORGE;;;;;;;
REGIÃO AUTÓNOMA DOS AÇORES;VELAS;;;;;;;
REGIÃO AUTÓNOMA DOS AÇORES;VELAS;;;;;;;
REGIÃO AUTÓNOMA DOS AÇORES;VELAS;;;;;;;
REGIÃO AUTÓNOMA DOS AÇORES;VELAS;;;;;;;
REGIÃO AUTÓNOMA DOS AÇORES;VELAS;;;;;;;
REGIÃO AUTÓNOMA DOS AÇORES;VELAS;;;;;;;
REGIÃO AUTÓNOMA DOS AÇORES;LAJES DO PICO;;;;;;;
REGIÃO AUTÓNOMA DOS AÇORES;LAJES DO PICO;;;;;;;
REGIÃO AUTÓNOMA DOS AÇORES;LAJES DO PICO;;;;;;;
REGIÃO AUTÓNOMA DOS AÇORES;LAJES DO PICO;;;;;;;
REGIÃO AUTÓNOMA DOS AÇORES;LAJES DO PICO;;;;;;;
REGIÃO AUTÓNOMA DOS AÇORES;LAJES DO PICO;;;;;;;
REGIÃO AUTÓNOMA DOS AÇORES;MADALENA;;;;;;;
REGIÃO AUTÓNOMA DOS AÇORES;MADALENA;;;;;;;
REGIÃO AUTÓNOMA DOS AÇORES;MADALENA;;;;;;;
REGIÃO AUTÓNOMA DOS AÇORES;MADALENA;;;;;;;
REGIÃO AUTÓNOMA DOS AÇORES;MADALENA;;;;;;;
REGIÃO AUTÓNOMA DOS AÇORES;MADALENA;;;;;;;
REGIÃO AUTÓNOMA DOS AÇORES;SÃO ROQUE DO PICO;;;;;;;
REGIÃO AUTÓNOMA DOS AÇORES;SÃO ROQUE DO PICO;;;;;;;
REGIÃO AUTÓNOMA DOS AÇORES;SÃO ROQUE DO PICO;;;;;;;
REGIÃO AUTÓNOMA DOS AÇORES;SÃO ROQUE DO PICO;;;;;;;
REGIÃO AUTÓNOMA DOS AÇORES;SÃO ROQUE DO PICO;;;;;;;
REGIÃO AUTÓNOMA DOS AÇORES;HORTA;;;;;;;
REGIÃO AUTÓNOMA DOS AÇORES;HORTA;;;;;;;
REGIÃO AUTÓNOMA DOS AÇORES;HORTA;;;;;;;
REGIÃO AUTÓNOMA DOS AÇORES;HORTA;;;;;;;
REGIÃO AUTÓNOMA DOS AÇORES;HORTA;;;;;;;
REGIÃO AUTÓNOMA DOS AÇORES;HORTA;;;;;;;
REGIÃO AUTÓNOMA DOS AÇORES;HORTA;;;;;;;
REGIÃO AUTÓNOMA DOS AÇORES;HORTA;;;;;;;
REGIÃO AUTÓNOMA DOS AÇORES;HORTA;;;;;;;
REGIÃO AUTÓNOMA DOS AÇORES;HORTA;;;;;;;
REGIÃO AUTÓNOMA DOS AÇORES;HORTA;;;;;;;
REGIÃO AUTÓNOMA DOS AÇORES;HORTA;;;;;;;
REGIÃO AUTÓNOMA DOS AÇORES;HORTA;;;;;;;
REGIÃO AUTÓNOMA DOS AÇORES;LAJES DAS FLORES;;;;;;;
REGIÃO AUTÓNOMA DOS AÇORES;LAJES DAS FLORES;;;;;;;
REGIÃO AUTÓNOMA DOS AÇORES;LAJES DAS FLORES;;;;;;;
REGIÃO AUTÓNOMA DOS AÇORES;LAJES DAS FLORES;;;;;;;
REGIÃO AUTÓNOMA DOS AÇORES;LAJES DAS FLORES;;;;;;;
REGIÃO AUTÓNOMA DOS AÇORES;LAJES DAS FLORES;;;;;;;
REGIÃO AUTÓNOMA DOS AÇORES;LAJES DAS FLORES;;;;;;;
REGIÃO AUTÓNOMA DOS AÇORES;SANTA CRUZ DAS FLORES;;;;;;;
REGIÃO AUTÓNOMA DOS AÇORES;SANTA CRUZ DAS FLORES;;;;;;;
REGIÃO AUTÓNOMA DOS AÇORES;SANTA CRUZ DAS FLORES;;;;;;;
REGIÃO AUTÓNOMA DOS AÇORES;SANTA CRUZ DAS FLORES;;;;;;;
REGIÃO AUTÓNOMA DOS AÇORES;CORVO;;;;;;;
CENTRO;Lourinhã;;;;;;;
